game_name,appid,release_date,release_date_raw,release_state,state_bucket,publisher_names,developer_names,burst_count,related_news_bursts,distinct_sources_seen,release_prep_bursts,store_refresh_bursts,build_activity_bursts,platform_expansion_bursts,positioning_shift_bursts,language_count,platform_count,genre_market_owners,genre_market_reviews,genre_market_velocity,strongest_publisher_owners,strongest_publisher_game_count,genres,top_tags,coordination_score,market_attractiveness_score,support_gap_score,readiness_score,final_score
Bearly Flying,4179370,2026-03-17,"Mar 17, 2026",prerelease,past-date prerelease,kamphest,kamphest,3,2,2,3,0,0,0,0,0,1,253673.296244118795,4557.0978979319613963,2.09,0,1,"Action, Adventure","Difficult, Physics, Psychological Horror, Action, Philosophical",94.4,92.8,100.0,1.9,85.5
Another Day As President,4364570,2026-03-16,"Mar 16, 2026",prerelease,past-date prerelease,1610,1610,3,2,2,3,0,0,0,0,0,2,214776.636630297700,3714.6276702140725343,1.49,0,1,"Action, Indie, RPG, Simulation","Horror, First-Person, Dark, Survival, Action",94.4,77.7,100.0,32.3,84.0
BoobyRogue: Tumor Takedown,4072080,2026-03-17,"Mar 17, 2026",prerelease,past-date prerelease,K-Nette,K-Nette,4,0,2,4,0,0,0,0,11,2,221685.072352507114,3973.6769654378667184,1.80,0,1,"Action, Indie","Roguelike, Singleplayer, Action, Action Roguelike, Bullet Hell",76.5,82.6,100.0,91.7,83.4
EGGCONSOLE ZANAC EX MSX2,4402830,2026-03-17,"Mar 17, 2026",prerelease,past-date prerelease,"D4Enterprise Co.,Ltd.","D4Enterprise Co.,Ltd.",3,0,2,3,0,0,0,0,2,1,318926.653083904427,5940.5710316725319504,2.85,0,2,Action,"Action, Arcade, Shooter, Shoot 'Em Up, Bullet Hell",74.7,96.2,84.8,56.6,80.8
Starshot Genesis,4425750,2026-03-17,"Mar 17, 2026",prerelease,past-date prerelease,Happy Robot Shop,Starshot Genesis,2,0,2,2,0,0,0,0,0,3,318926.653083904427,5940.5710316725319504,2.85,0,1,Action,"Action, FPS, 3D, 1980s, Aliens",69.8,96.2,100.0,37.0,79.0
Pit Pioneers,3993210,2026-03-16,"Mar 16, 2026",prerelease,past-date prerelease,Shearware,Shearware,3,3,3,3,0,0,0,0,7,2,162745.029680744308,2506.6616269450679890,0.91,0,2,"Indie, Strategy","Strategy, Puzzle, 2D, Cute, Pixel Graphics",96.8,38.9,84.8,90.6,77.0
Vipunk: Shield of Valhalla,2506420,2026-03-16,"Mar 16, 2026",prerelease,past-date prerelease,Yodum Games I/S,Yodum Games I/S,3,0,2,3,0,0,0,0,0,1,293767.027642912626,5299.7499688697632814,2.17,0,2,"Action, RPG","Action Roguelike, Bullet Hell, Action, 2D, Pixel Graphics",74.7,95.7,84.8,1.9,75.2
ASCII-RIFT,4429850,2026-03-17,"Mar 17, 2026",prerelease,past-date prerelease,End of Line Club,End of Line Club,2,0,2,2,0,0,0,0,0,2,221685.072352507114,3973.6769654378667184,1.80,0,1,"Action, Indie","Action, Rhythm, Arcade, Music-Based Procedural Generation, Indie",69.8,82.6,100.0,32.3,74.4
TechWorld,3682580,2026-03-16,"Mar 16, 2026",prerelease,past-date prerelease,"Kimo, KTGAMES","Kimo, KTGAMES",4,0,3,4,0,0,0,0,0,1,234826.984971149820,3832.7346303769645519,1.28,0,1,"RPG, Strategy","RPG, Tower Defense, Strategy, Strategy RPG, Roguelike",78.6,77.8,100.0,1.9,73.9
Super Battle Royale,4466690,2026-03-17,"Mar 17, 2026",prerelease,past-date prerelease,"Liu Lirong, Yile Studio","Liu Lirong, Yile Studio",3,0,2,3,0,0,0,0,0,1,221685.072352507114,3973.6769654378667184,1.80,0,1,"Action, Indie","Action, 2D Fighter, Action-Adventure, Battle Royale, Shooter",74.7,82.6,100.0,1.9,73.6
Runeblight,3714270,2026-02-13,"Feb 13, 2026",prerelease,past-date prerelease,Zero Percent Juice,Zero Percent Juice,2,0,2,0,2,0,0,0,0,3,196075.039803301539,3546.9079713374423429,1.82,0,1,"Action, Early Access, Indie","Boomer Shooter, FPS, Shooter, First-Person, Old School",69.8,78.4,100.0,37.0,73.6
Reefglider,4466190,2026-03-17,"Mar 17, 2026",prerelease,past-date prerelease,Down Underwater,Down Underwater,3,0,2,3,0,0,0,0,0,1,210596.694703115797,3706.9928983557080930,1.64,0,1,"Action, Adventure, Indie","3D Platformer, Platformer, Action, Underwater, Relaxing",74.7,77.2,100.0,1.9,71.9
FLY2K,3807220,2026-03-16,"Mar 16, 2026",prerelease,past-date prerelease,"HYPERNORMAL, Obscure Games","HYPERNORMAL, Obscure Games",2,0,2,2,0,0,0,0,0,1,221685.072352507114,3973.6769654378667184,1.80,0,1,"Action, Indie","1990's, Flight, Abstract, Sci-fi, Action",69.8,82.6,100.0,1.9,71.4
Rail Fights,1914600,2026-02-18,"Feb 18, 2026",prerelease,past-date prerelease,Korner Games,Korner Games,8,0,2,0,8,0,0,0,0,3,176050.163841941159,3038.3872731163472784,1.34,0,1,"Action, Casual, Indie","Action, Shooter, Local Multiplayer, Multiplayer, 2D",77.5,58.2,100.0,37.0,71.0
"Yes, My Warlord",3843430,2026-03-17,"Mar 17, 2026",prerelease,past-date prerelease,Three Cogs Interactive,Staple Studios,3,0,2,3,0,0,0,0,0,1,214733.235353047728,3809.6220327538473716,1.38,0,3,"RPG, Simulation","Choose Your Own Adventure, Political Sim, Interactive Fiction, Medieval, Villain Protagonist",74.7,76.8,79.6,1.9,68.8
Soukh,3900970,2026-02-16,"Feb 16, 2026",prerelease,past-date prerelease,Noctis Tide Studios,Noctis Tide Studios,7,0,2,0,6,0,0,0,0,1,168920.203649814611,2886.7418324214094047,1.40,0,1,"Early Access, Simulation, Strategy","Shop Keeper, Exploration, Time Management, Farming Sim, Strategy",77.3,57.0,100.0,1.9,67.1
Bunny Factory,4417340,2026-03-07,"Mar 7, 2026",prerelease,past-date prerelease,纯朴Simpliciy,纯朴Simpliciy,2,0,2,2,0,0,0,0,0,2,176050.163841941159,3038.3872731163472784,1.34,0,1,"Action, Casual, Indie","Casual, Action, Cartoon, Puzzle, Cute",69.8,58.2,100.0,32.3,67.1
The graveyard duty fall of the last demon ,2480570,2026-03-16,"Mar 16, 2026",prerelease,past-date prerelease,Faustina Mutamba,Faustina Mutamba,4,0,2,4,0,0,0,0,0,1,170865.876880139841,2920.7237674398262766,1.41,0,1,"Action, Adventure, Casual, Early Access","Action, Adventure, Casual, Racing, Strategy",76.5,58.0,100.0,1.9,67.0
猜拳退魔師,4155070,2026-02-12,"Feb 12, 2026",prerelease,past-date prerelease,DessertTheory,DessertTheory,3,0,2,0,2,0,0,0,0,1,176050.163841941159,3038.3872731163472784,1.34,0,1,"Action, Casual, Indie","Casual, Strategy, Card Game, Card Battler, 2D",72.0,58.2,100.0,1.9,65.0
Lazy Writer,3150530,2026-02-19,"Feb 19, 2026",prerelease,past-date prerelease,Pavel Urakov,Pavel Urakov,2,0,2,0,2,0,0,0,2,1,159672.577287003626,2698.4587132960511570,0.98,0,1,"Casual, Indie, RPG, Simulation","Story Rich, Simulation, Pixel Graphics, Emotional, Narration",69.8,41.3,100.0,56.6,64.4
100 Blacksmith Cats,4014290,2026-03-16,"Mar 16, 2026",prerelease,past-date prerelease,"100 Cozy Games, Cats","100 Cozy Games, Cats",2,0,2,2,0,0,0,0,0,1,1082817.441696267774,22492.6153268516159616,16.43,30000,98,"Casual, Free to Play, Indie","Free to Play, Casual, Cats, Hidden Object, Indie",69.8,100.0,7.5,1.9,62.7
Idle Geometry Defense,3716100,2026-01-13,"Jan 13, 2026",prerelease,past-date prerelease,Urban Isotope,Urban Isotope,3,2,2,0,2,0,0,0,0,2,162116.375955221082,2657.8794711102787029,1.03,20000,25,"Indie, Simulation, Strategy","Strategy, Space Sim, Automation, Tower Defense, Sci-fi",91.8,43.7,12.8,32.3,59.6
Dead Z Meat,3989010,2026-03-16,"Mar 16, 2026",prerelease,past-date prerelease,ISTOM Games,ISTOM Games,2,0,1,2,0,0,0,0,0,1,197375.646436348946,3427.3345614457437303,1.53,0,2,"Action, Adventure, Casual","Action, Adventure, Casual, Shooter, FPS",52.0,73.0,84.8,1.9,58.2
Mine Mine,4375780,2026-03-16,"Mar 16, 2026",prerelease,past-date prerelease,froggyrs,froggyrs,2,0,2,2,0,0,0,0,0,1,160859.068504174630,2960.3151594407001308,1.27,0,7,Simulation,"Clicker, Idler, Simulation, Mining, Management",69.8,49.6,74.1,1.9,57.6
Tetro Runner,4015160,2026-03-04,"Mar 4, 2026",prerelease,past-date prerelease,Rollmop Games Studio,Rollmop Games Studio,1,0,1,1,0,0,0,0,10,2,221685.072352507114,3973.6769654378667184,1.80,0,1,"Action, Indie","Action, Arcade, Platformer, Puzzle, Runner",19.2,82.6,100.0,91.2,57.5
Trinket Bag Maker,4247070,2026-03-17,"Mar 17, 2026",prerelease,past-date prerelease,Mgtt Studio,Mgtt Studio,5,0,3,5,0,0,0,0,0,2,122819.707662491940,2064.0615239570042647,0.84,0,3,"Casual, Simulation","Simulation, Sandbox, Design & Illustration, Casual, Building",79.2,20.4,79.6,32.3,56.9
Love in the Time of Spellphage,3825300,2026-03-16,"Mar 16, 2026",prerelease,past-date prerelease,studio wtchcrft,studio wtchcrft,2,0,2,2,0,0,0,0,0,3,136600.143112571206,2170.7163263323496203,0.87,0,2,"Adventure, Casual","Choices Matter, Adventure, Interactive Fiction, Visual Novel, Choose Your Own Adventure",69.8,27.4,84.8,37.0,56.0
Tales of Klodan,3539600,2026-03-17,"Mar 17, 2026",prerelease,past-date prerelease,Voodoo Sisterhood,Voodoo Sisterhood,2,0,2,2,0,0,0,0,0,2,123360.968982031227,2044.9686490390700052,0.81,0,1,"Casual, Indie, Simulation","Visual Novel, LGBTQ+, Romance, Dating Sim, Interactive Fiction",69.8,18.3,100.0,32.3,55.1
FuwaFuwa Survivors,4043830,2026-03-05,"Mar 5, 2026",prerelease,past-date prerelease,開墾魂,開墾魂,1,0,1,1,0,0,0,0,4,0,221685.072352507114,3973.6769654378667184,1.80,0,1,"Action, Indie","Action Roguelike, Bullet Hell, Roguelite, Indie, 3D",19.2,82.6,100.0,57.1,54.1
Sewer Mole,4308470,2026-03-11,"Mar 11, 2026",prerelease,past-date prerelease,Reclusive Bug,Reclusive Bug,1,0,1,1,0,0,0,0,0,2,318926.653083904427,5940.5710316725319504,2.85,0,2,Action,"Action, Action-Adventure, Arcade, Shoot 'Em Up, Abstract",19.2,96.2,84.8,32.3,53.4
Bust Buddies,3768810,2026-02-20,"Feb 20, 2026",prerelease,past-date prerelease,Zippyzappy Games,"lockyaw, samyam",2,0,2,0,2,0,0,0,0,1,176050.163841941159,3038.3872731163472784,1.34,10000,3,"Action, Casual, Indie","Casual, Rome, Funny, Multiplayer, Arcade",69.8,58.2,26.5,1.9,53.0
Swarm Me,4033100,2026-03-11,"Mar 11, 2026",prerelease,past-date prerelease,KBGS,KBGS,1,0,1,1,0,0,0,0,0,1,318926.653083904427,5940.5710316725319504,2.85,0,1,Action,"Roguelite, Arcade, Survival, Top-Down Shooter, Roguelike",19.2,96.2,100.0,1.9,52.7
Throst,4153910,2026-03-01,"Mar 1, 2026",prerelease,past-date prerelease,ZiG GAMES,ZiG GAMES,1,0,1,1,0,0,0,0,0,3,221685.072352507114,3973.6769654378667184,1.80,0,1,"Action, Indie","Action, Arcade, Physics, Side Scroller, Singleplayer",19.2,82.6,100.0,37.0,52.1
Olbers Paradox,4015100,2026-02-25,"Feb 25, 2026",prerelease,past-date prerelease,Neko Sphere,Neko Sphere,2,0,2,2,0,0,0,0,0,1,124443.491621109801,2006.7828992032014864,0.75,0,1,Indie,"Action, Casual, 2D Fighter, Arcade, Beat 'em up",69.8,18.0,100.0,1.9,52.0
VELTHRA,4161700,2026-02-26,"Feb 26, 2026",prerelease,past-date prerelease,Randomkey,mttsus,1,0,1,1,0,0,0,0,0,1,258651.331563386138,4591.0415673103058016,1.89,0,1,"Action, Adventure, RPG","Adventure, RPG, Survival, Action, Hunting",19.2,93.3,100.0,1.9,51.8
Chiseler,3709250,2026-02-10,"Feb 10, 2026",prerelease,past-date prerelease,T CUBED SOFTWARE LLC,T CUBED SOFTWARE LLC,2,0,2,0,2,0,0,0,0,3,104611.919220959525,1587.2953938382549425,0.58,0,1,"Casual, Indie","Casual, Puzzle, Solitaire, 2D, Colorful",69.8,4.8,100.0,37.0,51.5
Jimmy Jumps,4117940,2026-03-17,"Mar 17, 2026",prerelease,past-date prerelease,Gray Goat Gaming,Gray Goat Gaming,2,0,2,2,0,0,0,0,0,2,104611.919220959525,1587.2953938382549425,0.58,0,1,"Casual, Indie","2D Platformer, Retro, Casual, Score Attack, Arcade",69.8,4.8,100.0,32.3,51.1
Oldest Golden Treasure,3186770,2026-02-26,"Feb 26, 2026",prerelease,past-date prerelease,Vasil4N,Vasil4N,2,0,2,2,0,0,0,0,0,1,171303.332921940593,2728.9826726938422733,1.05,10000,2,"Adventure, Indie, Strategy","Adventure, VR, Puzzle, Detective, Strategy",69.8,49.0,31.7,1.9,51.0
家长看不见的日记,4467830,2026-03-18,"Mar 18, 2026",prerelease,past-date prerelease,CDF GAME,CDF GAME,8,0,2,8,0,0,0,0,0,1,104611.919220959525,1587.2953938382549425,0.58,0,2,"Casual, Indie","Casual, Visual Novel, Emotional, Life Sim, Drama",77.5,4.8,84.8,1.9,49.2
Can You Escape: The Collection,3873140,2026-03-09,"Mar 9, 2026",prerelease,past-date prerelease,Mobiplay,Mobiplay,2,0,1,2,0,0,0,0,0,3,132547.925948750737,2116.0718506226335757,0.83,0,1,"Adventure, Casual, Indie","Adventure, Casual, Point & Click, Puzzle, Hidden Object",52.0,23.7,100.0,37.0,49.2
"Critical Failure ""No Man's Land""",4200090,2026-02-15,"Feb 15, 2026",prerelease,past-date prerelease,"MICHAEL GENE ACORD JR, SINYSTER SOULUTIONS STUDIOS","MICHAEL GENE ACORD JR, SINYSTER SOULUTIONS STUDIOS",2,0,1,0,0,0,0,0,0,1,236131.053409538801,4040.2453835169524280,1.75,0,2,"Action, Adventure, Strategy","Action, Strategy, Online Co-Op, Multiplayer, Action-Adventure",21.4,88.9,84.8,1.9,49.2
Dead Beyond,3861610,2026-03-10,"Mar 10, 2026",prerelease,past-date prerelease,Volkan Kutlubay,Volkan Kutlubay,1,0,1,1,0,0,0,0,0,1,253673.296244118795,4557.0978979319613963,2.09,0,3,"Action, Adventure","Action, Adventure, Action-Adventure, 3D Platformer, FPS",19.2,92.8,79.6,1.9,48.6
REBADGE,4080840,2026-01-28,"Jan 28, 2026",prerelease,past-date prerelease,Yuumayay,Yuumayay,1,0,1,0,0,0,0,0,2,2,221685.072352507114,3973.6769654378667184,1.80,0,1,"Action, Indie","Action, Puzzle Platformer, 2D, Cute, Logic",0.0,82.6,100.0,86.9,48.5
Silly Bird Sequel,4269360,2026-02-12,"Feb 12, 2026",prerelease,past-date prerelease,no Entertainment,no Entertainment,1,0,1,0,0,0,0,0,2,2,221685.072352507114,3973.6769654378667184,1.80,0,1,"Action, Indie","Precision Platformer, 2D Platformer, Action, Platformer, 2D",0.0,82.6,100.0,86.9,48.5
Project: Latticeborn,4205190,2026-03-08,"Mar 8, 2026",prerelease,past-date prerelease,Ilhan Kilinc,Ilhan Kilinc,1,0,1,1,0,0,0,0,0,0,221685.072352507114,3973.6769654378667184,1.80,0,1,"Action, Indie","Roguelike, Action Roguelike, Action, Bullet Hell, Roguelite",19.2,82.6,100.0,0.0,48.4
STEEL FORCE: Top Down Shooter,4049090,2026-03-09,"Mar 9, 2026",prerelease,past-date prerelease,"KITAMISUNO, PolyBuild","KITAMISUNO, PolyBuild",1,0,1,1,0,0,0,0,0,0,221685.072352507114,3973.6769654378667184,1.80,0,1,"Action, Indie","Shoot 'Em Up, PvE, Action, Shooter, Arcade",19.2,82.6,100.0,0.0,48.4
Dogfight Darlings,4190870,2026-03-09,"Mar 9, 2026",prerelease,past-date prerelease,dull rat,dull rat,1,0,1,1,0,0,0,0,0,0,221685.072352507114,3973.6769654378667184,1.80,0,1,"Action, Indie","Bullet Hell, Boss Rush, Pixel Graphics, Female Protagonist, Shoot 'Em Up",19.2,82.6,100.0,0.0,48.4
Neuroforge,4345710,2026-03-03,"Mar 3, 2026",prerelease,past-date prerelease,Plouf,Plouf,1,0,1,1,0,0,0,0,6,1,182299.264816550573,3030.4255435089940817,1.27,0,1,"Action, Casual, Indie, Strategy","Strategy, Auto Battler, Roguelite, Indie, Singleplayer",19.2,59.3,100.0,60.1,47.4
Trailer Game,4296220,2026-02-13,"Feb 13, 2026",prerelease,past-date prerelease,Ay Racamba,Ay Racamba,1,0,1,0,0,0,0,0,0,2,318926.653083904427,5940.5710316725319504,2.85,0,1,Action,"Action, Difficult, Driving, Physics, Simulation",0.0,96.2,100.0,32.3,47.1
SIRO,3833600,2026-03-03,"Mar 3, 2026",prerelease,past-date prerelease,X Soft Studio,X Soft Studio,1,0,1,1,0,0,0,0,0,1,210596.694703115797,3706.9928983557080930,1.64,0,1,"Action, Adventure, Indie","Action-Adventure, Hack and Slash, Difficult, Character Action Game, Singleplayer",19.2,77.2,100.0,1.9,47.0
Paper Craft,4257240,2026-02-26,"Feb 26, 2026",prerelease,past-date prerelease,Solar Eye LLC,Solar Eye LLC,1,0,1,1,0,0,0,0,0,1,210596.694703115797,3706.9928983557080930,1.64,0,1,"Action, Adventure, Indie","Adventure, VR, Action, 3D Platformer, Platformer",19.2,77.2,100.0,1.9,47.0
冒険者ギルドの受付 Adventurer's Guild Reception,3920810,2026-03-05,"Mar 5, 2026",prerelease,past-date prerelease,Witch Hat,Witch Hat,1,0,1,1,0,0,0,0,0,1,214733.235353047728,3809.6220327538473716,1.38,0,1,"RPG, Simulation","RPG, Turn-Based Strategy, Fantasy, Controller, Singleplayer",19.2,76.8,100.0,1.9,46.9
Rebel Infernal Path,4131890,2026-03-03,"Mar 3, 2026",prerelease,past-date prerelease,Lonewolf&Cat / 孤独な狼と猫,Lonewolf&Cat / 孤独な狼と猫,2,0,1,2,0,0,0,0,0,1,196525.446911515313,3332.8559026350980494,1.12,10000,3,"Indie, RPG","RPG, Party-Based RPG, 3D Platformer, Colorful, Dark Fantasy",52.0,64.0,26.5,1.9,46.8
美好明天 Tomorrow is beautiful,3616760,2026-03-06,"Mar 6, 2026",prerelease,past-date prerelease,DorpBear,DorpBear,1,0,1,1,0,0,0,0,0,1,225099.371577817054,3944.9769002835297228,1.60,0,2,"Action, Adventure, Indie, RPG","RPG, Third-Person Shooter, Shoot 'Em Up, Roguelike, Bullet Hell",19.2,83.9,84.8,1.9,46.7
Bakken - Ski Jumping: Next Season,4258400,2026-02-04,"Feb 4, 2026",prerelease,past-date prerelease,SE {} KS,SE {} KS,2,0,2,0,2,0,0,0,0,1,138876.279814217493,2338.7729643357346808,1.41,30000,8,"Simulation, Sports","Sports, Simulation, Skiing, Realistic, Singleplayer",69.8,43.1,10.4,1.9,46.1
The subject: Protocol zero,4287530,2026-03-10,"Mar 10, 2026",prerelease,past-date prerelease,Savich18-Games,Savich18,1,0,1,1,0,0,0,0,0,1,198162.288153380505,3520.3234636269561024,1.55,0,1,"Action, Adventure, Indie, Simulation","Psychological Horror, Horror, Survival Horror, Simulation, Voice Control",19.2,74.3,100.0,1.9,46.1
Anomaly Island,4205270,2026-03-01,"Mar 1, 2026",prerelease,past-date prerelease,DreamsmithGames,DreamsmithGames,1,0,1,1,0,0,0,0,0,1,194161.264703559445,3453.5871695509294677,1.69,0,1,"Action, Adventure, Early Access, Indie","Psychological Horror, Action-Adventure, Shooter, Walking Simulator, Exploration",19.2,73.4,100.0,1.9,45.9
RollCats,2091700,2026-03-02,"Mar 2, 2026",prerelease,past-date prerelease,Hoglet Interactive,Hoglet Interactive,1,0,1,1,0,0,0,0,0,1,192319.769830189092,3467.9077938635188707,1.73,0,1,"Action, Indie, Racing","Combat Racing, Cats, Racing, Local Multiplayer, PvP",19.2,73.0,100.0,1.9,45.7
Pillar of Salt,3900000,2026-02-12,"Feb 12, 2026",prerelease,past-date prerelease,Dead Hand Games,Dead Hand Games,1,0,1,0,0,0,0,0,0,2,268607.402201920825,4658.9289060669946123,1.49,0,1,RPG,"Strategy, Roguelike, Auto Battler, Party-Based RPG, Fantasy",0.0,87.4,100.0,32.3,44.4
Wired 2 Kill,4172270,2026-02-12,"Feb 12, 2026",prerelease,past-date prerelease,BCTheDev,BCTheDev,1,0,1,0,0,0,0,0,0,1,318926.653083904427,5940.5710316725319504,2.85,0,1,Action,"Boomer Shooter, Action, Shooter, Female Protagonist, First-Person",0.0,96.2,100.0,1.9,44.1
MouseEscape,4177070,2026-01-14,"Jan 14, 2026",prerelease,past-date prerelease,41,41,1,0,1,0,0,0,0,0,0,1,318926.653083904427,5940.5710316725319504,2.85,0,1,Action,"Action, Horror, Stealth, 3D, Singleplayer",0.0,96.2,100.0,1.9,44.1
Exit Plan b,3863920,2026-02-12,"Feb 12, 2026",prerelease,past-date prerelease,Rapu Games,Rapu Games,1,0,1,0,0,0,0,0,0,1,318926.653083904427,5940.5710316725319504,2.85,0,1,Action,"Action, Roguelite, Arcade, 2D, Retro",0.0,96.2,100.0,1.9,44.1
Vectoraid,4082580,2026-01-26,"Jan 26, 2026",prerelease,past-date prerelease,James Suret,James Suret,1,0,1,0,0,0,0,0,0,2,318926.653083904427,5940.5710316725319504,2.85,0,3,Action,"Arcade, Retro, Roguelite, Shooter, Colorful",0.0,96.2,79.6,32.3,44.0
Void Reforest,4146500,2026-03-10,"Mar 10, 2026",prerelease,past-date prerelease,anexustudio,anexustudio,1,0,1,1,0,0,0,0,18,2,158082.284655173742,2449.3243357838779107,0.94,0,1,"Adventure, Casual, Strategy","Strategy, 2.5D, Adventure, Puzzle, Puzzle Platformer",19.2,37.2,100.0,92.3,44.0
Painted Peril,2428920,2026-03-09,"Mar 9, 2026",prerelease,past-date prerelease,Fennonauts,Message Photon AB,1,0,1,1,0,0,0,0,0,1,210596.694703115797,3706.9928983557080930,1.64,0,7,"Action, Adventure, Indie","Action, Action Roguelike, 2D Platformer, Adventure, 2D",19.2,77.2,74.1,1.9,43.1
Little Fiefdom: Medieval,4207240,2026-03-10,"Mar 10, 2026",prerelease,past-date prerelease,FengChen,FengChen,1,0,1,1,0,0,0,0,0,1,196525.446911515313,3332.8559026350980494,1.12,0,1,"Indie, RPG","Medieval, Building, War, Simulation, Sandbox",19.2,64.0,100.0,1.9,43.0
Mannequin: Factory,3670610,2026-01-24,"Jan 24, 2026",prerelease,past-date prerelease,elvismd,elvismd,1,0,1,0,0,0,0,0,0,1,239892.860794039529,4450.4430955566160406,2.06,0,1,"Action, Simulation","Simulation, Action-Adventure, Immersive Sim, 3D, First-Person",0.0,92.4,100.0,1.9,42.9
Alchemist's Alcove,3568090,2026-03-06,"Mar 6, 2026",prerelease,past-date prerelease,Nefarious Brew Games,Nefarious Brew Games,1,0,1,1,0,0,0,0,0,1,198032.487187803147,3224.0840533190435301,1.10,0,1,"Indie, RPG, Strategy","Crafting, Strategy, Traditional Roguelike, Difficult, Roguelike",19.2,63.3,100.0,1.9,42.8
Olivia's World: Crystal Keep,4375960,2026-03-08,"Mar 8, 2026",prerelease,past-date prerelease,Chasing Magic Studios,Chasing Magic Studios,1,0,1,1,0,0,0,0,0,1,198032.487187803147,3224.0840533190435301,1.10,0,1,"Indie, RPG, Strategy","Tower Defense, Strategy, Action RTS, Real Time Tactics, Resource Management",19.2,63.3,100.0,1.9,42.8
AXONAUT,3929370,2026-03-05,"Mar 5, 2026",prerelease,past-date prerelease,LU HUI,LU HUI,1,0,1,1,0,0,0,0,0,1,195629.350241935651,3211.4692310371303581,1.16,0,1,"Adventure, Indie, RPG, Strategy","RTS, Strategy, RPG, Top-Down, Adventure",19.2,62.8,100.0,1.9,42.7
Samurai Standoff,4038650,2026-03-08,"Mar 8, 2026",prerelease,past-date prerelease,Bearstick,Bearstick,1,0,1,1,0,0,0,0,0,1,182853.991536534688,3267.2496344274779803,1.71,0,2,"Action, Casual, Early Access","Casual, Action, 2D Fighter, Quick-Time Events, Martial Arts",19.2,70.4,84.8,1.9,42.7
The Lighthouse of Black Salt,4446810,2026-03-09,"Mar 9, 2026",prerelease,past-date prerelease,Light Source,Light Source,1,0,1,1,0,0,0,0,0,1,193823.611075787929,3279.7788564871956469,1.19,0,1,"Adventure, Indie, RPG","RPG, Adventure, Choose Your Own Adventure, Interactive Fiction, Text-Based",19.2,62.4,100.0,1.9,42.5
迷失之地,2453730,2026-03-09,"Mar 9, 2026",prerelease,past-date prerelease,贪睡熊（sleepybear）,贪睡熊（sleepybear）,1,0,1,1,0,0,0,0,0,1,193823.611075787929,3279.7788564871956469,1.19,0,1,"Adventure, Indie, RPG","RPG, Turn-Based Tactics, Dungeon Crawler, Adventure, JRPG",19.2,62.4,100.0,1.9,42.5
The Long Winter: I Am Not an Animal,4119950,2026-03-02,"Mar 2, 2026",prerelease,past-date prerelease,Playnova,Playnova,1,0,1,1,0,0,0,0,0,1,204733.244462701858,3449.8522960965050192,1.29,0,2,"Adventure, RPG, Simulation, Strategy","Outbreak Sim, Visual Novel, Medieval, Point & Click, Simulation",19.2,69.5,84.8,1.9,42.4
Heyoo 3D Platformer,4176670,2026-03-09,"Mar 9, 2026",prerelease,past-date prerelease,Artemio Michel Jimenez,Artemio Michel Jimenez,1,0,1,1,0,0,0,0,0,1,183523.399734107091,3059.0653876454734338,1.28,0,1,"Action, Adventure, Casual, Indie","Indie, Action, Platformer, Adventure, Casual",19.2,61.6,100.0,1.9,42.3
Director of Solar Affairs,4358130,2026-02-23,"Feb 23, 2026",prerelease,past-date prerelease,Solar Affairs Studio,Tupolev the Ascender,1,0,1,1,0,0,0,0,0,1,201046.567740378815,3006.5403546869344915,1.08,0,1,Strategy,"Strategy, Turn-Based Strategy, Turn-Based Tactics, Space, Exploration",19.2,60.6,100.0,1.9,42.0
逆道（さかどう）SAKA-DOH：THE REVERSAL ARTS,3991290,2026-02-05,"Feb 5, 2026",prerelease,past-date prerelease,"Matrix, Matrix Software, 株式会社マトリックス","Matrix, Matrix Software, 株式会社マトリックス",1,0,1,0,0,0,0,0,0,1,318926.653083904427,5940.5710316725319504,2.85,0,2,Action,"Action, 2D Fighter, 2D Platformer, Side Scroller, 2D",0.0,96.2,84.8,1.9,41.8
Gem Brawl Duel,4216690,2026-02-12,"Feb 12, 2026",prerelease,past-date prerelease,"Gaseous Cat Games, S399TEAM",Gaseous Cat Games,1,1,1,0,0,0,0,0,2,1,237325.848968978351,4202.0942789809093497,1.70,95000,16,"Action, Indie, RPG","Action, RPG, Simulation, Local Multiplayer, PvP",19.7,88.7,2.7,56.6,41.5
Vampire Legends 🦇,4126760,2026-03-11,"Mar 11, 2026",prerelease,past-date prerelease,EroBits,TheBigO Games,1,0,1,1,0,0,0,0,0,3,179142.607732539160,3072.1966458851081694,1.33,0,50,"Action, Adventure, Casual, Indie","Sexual Content, Nudity, NSFW, Mature, Adventure",19.2,61.4,70.8,37.0,41.4
深空防线,3975220,2026-03-09,"Mar 9, 2026",prerelease,past-date prerelease,KKDM,KKDM,1,0,1,1,0,0,0,0,9,1,162745.029680744308,2506.6616269450679890,0.91,0,1,"Indie, Strategy","Strategy, RTS, Tower Defense, Real Time Tactics, Top-Down",19.2,38.9,100.0,60.7,41.4
Natural Allies,3871560,2026-01-26,"Jan 26, 2026",prerelease,past-date prerelease,Narrative Machine LLC,Narrative Machine LLC,1,0,1,0,0,0,0,0,0,2,210596.694703115797,3706.9928983557080930,1.64,0,1,"Action, Adventure, Indie","Action, Adventure, Platformer, 2D Platformer, 2D",0.0,77.2,100.0,32.3,41.4
Along Came a Dragonfly,2636110,2026-01-26,"Jan 26, 2026",prerelease,past-date prerelease,Cole Keesey,Cole Keesey,1,0,1,0,0,0,0,0,0,1,268607.402201920825,4658.9289060669946123,1.49,0,1,RPG,"RPG, Fantasy, Turn-Based Combat, Action-Adventure, Time Travel",0.0,87.4,100.0,1.9,41.4
Fiestag,3916830,2026-03-02,"Mar 2, 2026",prerelease,past-date prerelease,Fiestag Games,Fiestag Games,1,0,1,1,0,0,0,0,0,1,176050.163841941159,3038.3872731163472784,1.34,0,1,"Action, Casual, Indie","Local Multiplayer, Comedy, Action, Casual, 2D Platformer",19.2,58.2,100.0,1.9,41.3
Paign 2,4229260,2026-02-14,"Feb 14, 2026",prerelease,past-date prerelease,Just Stezi,Just Stezi,2,0,1,0,0,0,0,0,0,1,193823.611075787929,3279.7788564871956469,1.19,0,2,"Adventure, Indie, RPG","RPG, Action-Adventure, Exploration, 3D, Third Person",21.4,62.4,84.8,1.9,41.2
PiyoWars,4152090,2026-02-17,"Feb 17, 2026",prerelease,past-date prerelease,GyuhoGames,GyuhoGames,1,1,1,0,0,0,0,0,0,1,178011.225554075384,3016.4034666953352915,1.27,0,1,"Action, Casual, Indie, Simulation","Simulation, Time Management, Casual, Cute, Top-Down",19.7,56.9,100.0,1.9,41.1
NinjaCat,4299950,2026-01-24,"Jan 24, 2026",prerelease,past-date prerelease,"amugames, mu_a_","amugames, mu_a_",1,0,1,0,0,0,0,0,0,1,253673.296244118795,4557.0978979319613963,2.09,0,2,"Action, Adventure","Action, Adventure, Action-Adventure, 3D Platformer, Third Person",0.0,92.8,84.8,1.9,40.8
Rusted Sea,2722780,2026-03-04,"Mar 4, 2026",prerelease,past-date prerelease,"Meerkatapult Games, Visionaire Labs",Meerkatapult Games,1,0,1,1,0,0,0,0,0,1,179142.607732539160,3072.1966458851081694,1.33,0,2,"Action, Adventure, Casual, Indie","Story Rich, Action, Adventure, Underwater, Post-apocalyptic",19.2,61.4,84.8,1.9,40.0
Suborbital Salvage,3687960,2026-02-11,"Feb 11, 2026",prerelease,past-date prerelease,Games Right Meow,Games Right Meow,1,0,1,0,0,0,0,0,0,1,221685.072352507114,3973.6769654378667184,1.80,0,1,"Action, Indie","Action, Arcade, Pixel Graphics, Sci-fi, Cats",0.0,82.6,100.0,1.9,40.0
Omni Kitty,4336190,2026-02-17,"Feb 17, 2026",prerelease,past-date prerelease,Revolving Lime,Revolving Lime,1,0,1,0,0,0,0,0,0,1,221685.072352507114,3973.6769654378667184,1.80,0,1,"Action, Indie","Action, Arcade, Shoot 'Em Up, 2D, Cartoony",0.0,82.6,100.0,1.9,40.0
Just Another Boomer Shooter,4051460,2026-02-12,"Feb 12, 2026",prerelease,past-date prerelease,Voyd,Voyd,1,0,1,0,0,0,0,0,0,1,221685.072352507114,3973.6769654378667184,1.80,0,1,"Action, Indie","Action, Casual, Shooter, Boomer Shooter, Exploration",0.0,82.6,100.0,1.9,40.0
Freerunners,1430330,2026-03-04,"Mar 4, 2026",prerelease,past-date prerelease,CBgameDev,CBgameDev,1,0,1,1,0,0,0,0,7,1,210596.694703115797,3706.9928983557080930,1.64,35000,4,"Action, Adventure, Indie","Parkour, Action-Adventure, Puzzle Platformer, Time Attack, Runner",19.2,77.2,13.3,60.3,39.8
Sub Optimal Co.,3103040,2026-03-17,"Mar 17, 2026",prerelease,past-date prerelease,It's A Sidegame,It's A Sidegame,2,0,2,2,0,0,0,0,0,1,123360.968982031227,2044.9686490390700052,0.81,75000,2,"Casual, Indie, Simulation","Submarine, Casual, Multiplayer, Underwater, Automobile Sim",69.8,18.3,16.0,1.9,39.5
Kingdom Of Choices,4076160,2026-03-04,"Mar 4, 2026",prerelease,past-date prerelease,PaperWork Studios,PaperWork Studios,1,0,1,1,0,0,0,0,0,0,164691.243367678042,2720.0795003045301030,1.25,0,1,"Adventure, Early Access, Indie, Strategy","Strategy, Adventure, Roguelike, Strategy RPG, Choose Your Own Adventure",19.2,50.2,100.0,0.0,38.7
Ironseed 3 : Vigil,4259670,2026-02-11,"Feb 11, 2026",prerelease,past-date prerelease,Red Shadow Software,Robert Morgan,1,0,1,0,0,0,0,0,0,3,234826.984971149820,3832.7346303769645519,1.28,0,4,"RPG, Strategy","RPG, Exploration, Strategy, Tactical RPG, Space Sim",0.0,77.8,77.2,37.0,38.6
Hexashell,3847630,2026-03-03,"Mar 3, 2026",prerelease,past-date prerelease,Robert Choudury,Robert Choudury,1,0,1,1,0,0,0,0,0,2,162745.029680744308,2506.6616269450679890,0.91,0,1,"Indie, Strategy","Time Management, Puzzle, Arcade, Character Customization, Strategy",19.2,38.9,100.0,32.3,38.5
Nuova Star 诺瓦星,4351750,2026-03-08,"Mar 8, 2026",prerelease,past-date prerelease,夜鹭,夜鹭,1,0,1,1,0,0,0,0,0,1,171303.332921940593,2728.9826726938422733,1.05,0,1,"Adventure, Indie, Strategy","Adventure, Strategy, Shooter, Roguelike, 2D Platformer",19.2,49.0,100.0,1.9,38.5
Irezumi Defenders,4053750,2026-03-09,"Mar 9, 2026",prerelease,past-date prerelease,InkolorGames,InkolorGames,1,0,1,1,0,0,0,0,0,3,162116.375955221082,2657.8794711102787029,1.03,0,2,"Indie, Simulation, Strategy","Strategy, Card Game, Tower Defense, Management, Survival",19.2,43.7,84.8,37.0,38.2
Bashers,4249390,2026-02-13,"Feb 13, 2026",prerelease,past-date prerelease,Aqua11,Aqua11,1,0,1,0,0,0,0,0,2,1,176050.163841941159,3038.3872731163472784,1.34,0,1,"Action, Casual, Indie","Third Person, Action, Casual, Action Roguelike, Roguelike",0.0,58.2,100.0,56.6,38.1
Necromance,3627580,2026-02-15,"Feb 15, 2026",prerelease,past-date prerelease,Subversionary Studios,Subversionary Studios,1,0,1,0,0,0,0,0,0,3,196525.446911515313,3332.8559026350980494,1.12,0,1,"Indie, RPG","Choose Your Own Adventure, Interactive Fiction, Visual Novel, Puzzle, RPG",0.0,64.0,100.0,37.0,37.9
Wagon 00,4031960,2026-03-09,"Mar 9, 2026",prerelease,past-date prerelease,Memory404 Games,Past Progress,1,0,1,1,0,0,0,0,14,1,142651.280062642216,2483.5490293219508086,1.01,0,2,"Indie, Simulation","Side Scroller, Simulation, Walking Simulator, 2D, Psychological Horror",19.2,34.2,84.8,61.5,37.8
StarShip Wars,4330410,2026-02-12,"Feb 12, 2026",prerelease,past-date prerelease,SpeedStealth,SpeedStealth,1,0,1,0,0,0,0,0,0,1,221685.072352507114,3973.6769654378667184,1.80,0,2,"Action, Indie","Action, Arcade, Retro, 1990's, 2D",0.0,82.6,84.8,1.9,37.7
Fairy Rescue,3254900,2026-02-13,"Feb 13, 2026",prerelease,past-date prerelease,Disrobia Games,Disrobia Games,1,0,1,0,0,0,0,0,0,1,221685.072352507114,3973.6769654378667184,1.80,0,2,"Action, Indie","Hentai, Shoot 'Em Up, Action, Top-Down Shooter, Bullet Hell",0.0,82.6,84.8,1.9,37.7
Ashes of Ambition,2644220,2026-02-16,"Feb 16, 2026",prerelease,past-date prerelease,"HiddenGem Studio, omer faruk erdogan","HiddenGem Studio, omer faruk erdogan",1,0,1,0,0,0,0,0,0,1,198162.288153380505,3520.3234636269561024,1.55,0,1,"Action, Adventure, Indie, Simulation","Atmospheric, Open World, Realistic, Action-Adventure, Story Rich",0.0,74.3,100.0,1.9,37.5
ENCHAIN,1396870,2026-02-13,"Feb 13, 2026",prerelease,past-date prerelease,mattlawrdev,mattlawrdev,1,0,1,0,0,0,0,0,0,1,194161.264703559445,3453.5871695509294677,1.69,0,1,"Action, Adventure, Early Access, Indie","FPS, Old School, Souls-like, Platformer, Hack and Slash",0.0,73.4,100.0,1.9,37.2
Tree of Knowledge,3113600,2026-03-09,"Mar 9, 2026",prerelease,past-date prerelease,Dreaming of Pixels,Dreaming of Pixels,1,0,1,1,0,0,0,0,0,1,169719.452096054673,2710.0150121076097472,0.93,0,1,"Casual, Indie, RPG, Strategy","RPG, Roguelike, Trivia, Roguelite, Pixel Graphics",19.2,44.6,100.0,1.9,37.2
L.A.P.,3694850,2026-02-11,"Feb 11, 2026",prerelease,past-date prerelease,Krzysztof Aftański,Krzysztof Aftański,1,0,1,0,0,0,0,0,0,1,192319.769830189092,3467.9077938635188707,1.73,0,1,"Action, Indie, Racing","Score Attack, Arcade, Racing, Precision Platformer, Flight",0.0,73.0,100.0,1.9,37.1
Welcome To My Domain,4264170,2026-01-23,"Jan 23, 2026",prerelease,past-date prerelease,Iris Games,Iris Games,2,0,1,0,0,0,0,0,0,1,156431.715512721482,2590.2038316972961643,1.04,0,1,"Adventure, Indie","Adventure, Anime, Female Protagonist, 3D, Character Customization",21.4,39.9,100.0,1.9,36.8
Triangle - Cursed Town,3266950,2026-01-02,"Jan 2, 2026",prerelease,past-date prerelease,Sortie Labs,Sortie Labs,1,0,1,0,0,0,0,0,0,1,195538.325310923319,3364.1778065781304725,1.57,0,1,"Action, Adventure, Early Access, Indie","Singleplayer, Multiplayer, Horror, Atmospheric, Demons",0.0,72.1,100.0,1.9,36.8
MeetMeat,4233330,2026-01-14,"Jan 14, 2026",prerelease,past-date prerelease,Cherokee Games,Cherokee Games,1,0,1,0,0,0,0,0,0,1,210596.694703115797,3706.9928983557080930,1.64,0,2,"Action, Adventure, Indie","Shoot 'Em Up, Action, Beat 'em up, Dark Humor, Top-Down",0.0,77.2,84.8,1.9,36.1
Celestial Crowns,2338180,2026-02-10,"Feb 10, 2026",prerelease,past-date prerelease,Harlevin,Harlevin,1,0,1,0,0,0,0,0,0,3,174639.503954253896,3066.9699618160454865,1.30,0,1,"Adventure, Simulation","Visual Novel, LGBTQ+, Adventure, Simulation, Romance",0.0,58.1,100.0,37.0,36.1
Aroya Knight,4199830,2026-02-13,"Feb 13, 2026",prerelease,past-date prerelease,BombBite,Ofir Aroya,1,0,1,0,0,0,0,0,0,1,210596.694703115797,3706.9928983557080930,1.64,0,2,"Action, Adventure, Indie","Action, Adventure, Action-Adventure, Platformer, 2D Platformer",0.0,77.2,84.8,1.9,36.1
SAD GOD,4201580,2026-03-03,"Mar 3, 2026",prerelease,past-date prerelease,Aaron Steed,Aaron Steed,1,0,1,1,0,0,0,0,0,1,221685.072352507114,3973.6769654378667184,1.80,75000,2,"Action, Indie","Action, Action Roguelike, Platformer, 2D Platformer, Roguelite",19.2,82.6,16.0,1.9,36.0
Misery Nights,3481230,2026-03-09,"Mar 9, 2026",prerelease,past-date prerelease,DesignLab,DesignLab,1,0,1,1,0,0,0,0,0,1,156431.715512721482,2590.2038316972961643,1.04,0,1,"Adventure, Indie","Horror, Online Co-Op, Atmospheric, PvE, Team-Based",19.2,39.9,100.0,1.9,35.8
Womb of Worms,4091340,2026-03-09,"Mar 9, 2026",prerelease,past-date prerelease,Isopodomancer,Isopodomancer,1,0,1,1,0,0,0,0,0,1,156431.715512721482,2590.2038316972961643,1.04,0,1,"Adventure, Indie","Detective, Adventure, Psychological Horror, Choices Matter, Multiple Endings",19.2,39.9,100.0,1.9,35.8
섹시 여전사 피오라(Sexy Warrior Fiora),4291510,2026-02-04,"Feb 4, 2026",prerelease,past-date prerelease,SEO SOFT,SEO SOFT,1,0,1,0,0,0,0,0,0,1,228513.670803126994,3916.2768351291927272,1.40,0,9,"Adventure, RPG","RPG, JRPG, Exploration, 2D, Dark Comedy",0.0,81.8,73.3,1.9,35.7
Creaworm,4260410,2026-01-14,"Jan 14, 2026",prerelease,past-date prerelease,Allan Shade,Allan Shade,1,0,1,0,0,0,0,0,2,2,156431.715512721482,2590.2038316972961643,1.04,0,1,"Adventure, Indie","Singleplayer, Adventure, Puzzle Platformer, Puzzle, Platformer",0.0,39.9,100.0,86.9,35.6
猫猫打工我躺平,4196580,2026-03-09,"Mar 9, 2026",prerelease,past-date prerelease,ELECHEART,ELECHEART,1,0,1,1,0,0,0,0,2,1,122819.707662491940,2064.0615239570042647,0.84,0,1,"Casual, Simulation","Casual, Simulation, Idler, Collectathon, Card Game",19.2,20.4,100.0,56.6,35.4
Cyberstray 202,3638710,2026-02-15,"Feb 15, 2026",prerelease,past-date prerelease,NoiseKitty,NoiseKitty,1,0,1,0,0,0,0,0,0,1,200627.438770381458,3508.6412177983263488,1.56,0,2,"Adventure, Early Access, RPG","Sexual Content, Nudity, NSFW, Adventure, Mature",0.0,74.9,84.8,1.9,35.4
Deep Russian Depression,1858710,2026-02-28,"Feb 28, 2026",prerelease,past-date prerelease,"Grigory K., Pyconcux","Grigory K., Pyconcux",1,0,1,1,0,0,0,0,0,1,134649.233163000095,2350.0764411698975392,1.30,0,1,"Early Access, Indie","Visual Novel, Psychological Horror, Horror, Experimental, Abstract",19.2,38.6,100.0,1.9,35.4
Ashes Of The Past,2608410,2026-01-26,"Jan 26, 2026",prerelease,past-date prerelease,Alperen Irez,Alperen Irez,1,0,1,0,0,0,0,0,0,1,191006.150272708682,3318.0051081746879034,1.35,0,1,"Action, Adventure, Casual, Indie","Adventure, RPG, Runner, Open World, Choices Matter",0.0,67.1,100.0,1.9,35.3
五行碰撞战 Five Elements Clash Battle,4300410,2026-01-26,"Jan 26, 2026",prerelease,past-date prerelease,YIN YUAN,YIN YUAN,1,0,1,0,0,0,0,0,0,1,179098.721563422241,3188.2494569535545081,1.62,0,1,"Action, Casual, Racing","Casual, Action, Racing, Turn-Based Strategy, Rhythm",0.0,67.0,100.0,1.9,35.3
Resultare,3062650,2026-02-13,"Feb 13, 2026",prerelease,past-date prerelease,Good Day Games,Good Day Games,1,0,1,0,0,0,0,0,0,2,178011.225554075384,3016.4034666953352915,1.27,0,1,"Action, Casual, Indie, Simulation","Action, Casual, Strategy, Arcade, Pinball",0.0,56.9,100.0,32.3,35.3
Chess Defense,4429130,2026-03-05,"Mar 5, 2026",prerelease,past-date prerelease,Dan Epic studios,Dan Epic studios,1,0,1,1,0,0,0,0,0,1,208209.162962431551,3531.8797624385146926,1.50,10000,4,"Action, Adventure, Indie, Strategy","Strategy, Singleplayer, Chess, Tower Defense, Casual",19.2,75.1,24.1,1.9,35.0
Dice Goblin's Den,3196940,2026-03-09,"Mar 9, 2026",prerelease,past-date prerelease,babachoo,babachoo,1,0,1,1,0,0,0,0,0,1,169719.452096054673,2710.0150121076097472,0.93,0,2,"Casual, Indie, RPG, Strategy","Tower Defense, Roguelite, Tactical RPG, Pixel Graphics, Difficult",19.2,44.6,84.8,1.9,34.9
Demon Stick,4108540,2026-03-03,"Mar 3, 2026",prerelease,past-date prerelease,Artur Latkovsky,Artur Latkovsky,1,0,1,1,0,0,0,0,0,1,208209.162962431551,3531.8797624385146926,1.50,10000,5,"Action, Adventure, Indie, Strategy","Action, Difficult, Psychological Horror, Adventure, Physics",19.2,75.1,22.2,1.9,34.7
RING RING POCKET MAGICK EGGS,4349520,2026-02-16,"Feb 16, 2026",prerelease,past-date prerelease,SUCCUBUS ZONE,SUCCUBUS ZONE,1,0,1,0,0,0,0,0,0,1,215183.585377741916,3735.2331476010564508,1.52,0,16,"Action, Adventure, Casual, RPG","Action, Adventure, Casual, RPG, Action-Adventure",0.0,78.8,72.2,1.9,34.7
FALLSAGA,3814160,2026-02-17,"Feb 17, 2026",prerelease,past-date prerelease,lyzerfiction,lyzerfiction,1,0,1,0,0,0,0,0,0,1,181581.451983063544,3133.1766381495451332,1.35,0,1,"Adventure, Early Access, Indie, RPG","Adventure, RPG, Story Rich, Multiple Endings, Choices Matter",0.0,65.1,100.0,1.9,34.7
Cards and Dungeons,2968290,2026-03-05,"Mar 5, 2026",prerelease,past-date prerelease,Family Devs,Family Devs,1,0,1,1,0,0,0,0,0,1,221685.072352507114,3973.6769654378667184,1.80,50000,14,"Action, Indie","Action Roguelike, Hack and Slash, Roguelite, Perma Death, Action RPG",19.2,82.6,6.5,1.9,34.6
North Sentinel Island,4199440,2026-03-03,"Mar 3, 2026",prerelease,past-date prerelease,MasterHanzi,MasterHanzi,1,0,1,1,0,0,0,0,0,1,210596.694703115797,3706.9928983557080930,1.64,20000,6,"Action, Adventure, Indie","Adventure, Action, Shooter, FPS, Exploration",19.2,77.2,16.0,1.9,34.4
Profaner of Death,4170960,2026-01-15,"Jan 15, 2026",prerelease,past-date prerelease,Zaki,Zaki,1,0,1,0,0,0,0,0,0,1,196525.446911515313,3332.8559026350980494,1.12,0,1,"Indie, RPG","RPG, Roguelike, Roguelite, Deckbuilding, Card Battler",0.0,64.0,100.0,1.9,34.4
"Orders, Captain!",4190440,2026-02-12,"Feb 12, 2026",prerelease,past-date prerelease,Charlie,Charlie,1,0,1,0,0,0,0,0,0,1,198162.288153380505,3520.3234636269561024,1.55,0,4,"Action, Adventure, Indie, Simulation","Action-Adventure, PvP, Pirates, Massively Multiplayer, Adventure",0.0,74.3,77.2,1.9,34.1
Nothing,4313410,2026-02-04,"Feb 4, 2026",prerelease,past-date prerelease,Huaty,Huaty,1,0,1,0,0,0,0,0,0,1,193823.611075787929,3279.7788564871956469,1.19,0,1,"Adventure, Indie, RPG","Adventure, RPG, Drama, Walking Simulator, Philosophical",0.0,62.4,100.0,1.9,33.9
Super Star Adventure,3555860,2026-01-06,"Jan 6, 2026",prerelease,past-date prerelease,Peter Stubbs,Peter Stubbs,1,0,1,0,0,0,0,0,0,1,193823.611075787929,3279.7788564871956469,1.19,0,1,"Adventure, Indie, RPG","RPG, Singleplayer, Space, Aliens, Exploration",0.0,62.4,100.0,1.9,33.9
Stack & Survive,4365490,2026-03-16,"Mar 16, 2026",prerelease,past-date prerelease,Deepframe,Deepframe,1,0,1,1,0,0,0,0,0,1,149672.586396657757,2338.6889766387088046,0.89,0,1,"Adventure, Casual, Indie, Strategy","Strategy, Time Management, Puzzle, Singleplayer, 3D",19.2,33.2,100.0,1.9,33.8
Guerilla Cubes,4133500,2026-01-25,"Jan 25, 2026",prerelease,past-date prerelease,FrameOneBros Inc.,FrameOneBros Inc.,1,0,1,0,0,0,0,0,0,1,179142.607732539160,3072.1966458851081694,1.33,0,1,"Action, Adventure, Casual, Indie","Top-Down Shooter, Twin Stick Shooter, PvE, Shooter, Arcade",0.0,61.4,100.0,1.9,33.6
The Last Fortress,3605370,2026-03-11,"Mar 11, 2026",prerelease,past-date prerelease,Alvarobando,Alvarobando,1,0,1,1,0,0,0,0,0,1,138781.345221797063,2218.6252813750094921,1.02,0,1,"Casual, Early Access, Indie, Strategy","Strategy, Tower Defense, Base Building, City Builder, Management",19.2,32.3,100.0,1.9,33.5
Neon Curves Racing,4335920,2026-02-12,"Feb 12, 2026",prerelease,past-date prerelease,Entropy Digital Games,Ghost Machine,1,0,1,0,0,0,1,0,0,2,109184.755803181148,1812.0886695940657869,1.00,0,1,"Casual, Racing","Casual, Racing, Action, Arcade, Auto Battler",19.2,21.7,100.0,32.3,33.4
ALL IN ONE,4135870,2026-03-11,"Mar 11, 2026",prerelease,past-date prerelease,Selbi,Selbi,1,0,1,1,0,0,0,0,0,0,139625.711587606711,2327.1326778271502145,0.94,0,1,"Adventure, Casual, Indie, Simulation","Simulation, Adventure, Casual, Walking Simulator, Party Game",19.2,31.7,100.0,0.0,33.2
Lost Episodes Alone,4111550,2026-02-04,"Feb 4, 2026",prerelease,past-date prerelease,GosuGames,GosuGames,2,0,1,0,0,0,0,0,0,1,183523.399734107091,3059.0653876454734338,1.28,10000,2,"Action, Adventure, Casual, Indie","Choose Your Own Adventure, Exploration, Hidden Object, Puzzle, Action-Adventure",21.4,61.6,31.7,1.9,33.0
STACK RUN,4302750,2026-01-27,"Jan 27, 2026",prerelease,past-date prerelease,CerealAndCoffee,CerealAndCoffee,1,0,1,0,0,0,0,0,0,1,182299.264816550573,3030.4255435089940817,1.27,0,1,"Action, Casual, Indie, Strategy","Strategy, Roguelite, Action, Casual, Arcade",0.0,59.3,100.0,1.9,33.0
Vampire Suika Girls - Helsing,3775810,2026-03-03,"Mar 3, 2026",prerelease,past-date prerelease,erojam,erojam,1,0,1,1,0,0,0,0,0,1,143196.889878272577,2366.9632569881476198,1.07,0,2,"Casual, Early Access, Indie, Simulation","Casual, Strategy, Simulation, RTS, Roguelike",19.2,38.2,84.8,1.9,33.0
HAMSTERMIND,3555520,2026-02-16,"Feb 16, 2026",prerelease,past-date prerelease,Righteous Tree,Righteous Tree,1,0,1,0,0,0,0,0,0,2,171303.332921940593,2728.9826726938422733,1.05,0,1,"Adventure, Indie, Strategy","Puzzle, Strategy, Sokoban, Difficult, Cartoony",0.0,49.0,100.0,32.3,32.9
Whisper,2313490,2026-02-17,"Feb 17, 2026",prerelease,past-date prerelease,Uzun Production,Uzun Production,1,0,1,0,0,0,0,0,0,1,174761.577411371496,2992.7160115435229845,1.36,0,1,"Action, Adventure, Casual, Early Access","Action, Adventure, Simulation, Strategy, Action-Adventure",0.0,58.7,100.0,1.9,32.8
Valentine's Day 💘,4124990,2026-02-14,"Feb 14, 2026",prerelease,past-date prerelease,EroBits,TheBigO Games,1,0,1,0,0,0,0,0,0,3,179142.607732539160,3072.1966458851081694,1.33,0,50,"Action, Adventure, Casual, Indie","Sexual Content, Nudity, NSFW, Mature, 3D",0.0,61.4,70.8,37.0,32.7
Idle Desktop  Marbles,4186290,2026-03-02,"Mar 2, 2026",prerelease,past-date prerelease,所以然,所以然,1,0,1,1,0,0,0,0,2,1,136756.802060765955,2060.3770474544814588,0.75,0,3,"Casual, Indie, Strategy","Casual, Idler, Strategy, Clicker, Point & Click",19.2,21.5,79.6,56.6,32.7
Blade Blitz,3161450,2026-03-11,"Mar 11, 2026",prerelease,past-date prerelease,Hella Studios,Hella Studios,1,0,1,1,0,0,0,0,0,2,108705.776522059802,1630.6071856357597052,0.90,0,1,"Casual, Indie, Sports","4 Player Local, Local Multiplayer, Local Co-Op, Multiplayer, Top-Down",19.2,19.3,100.0,32.3,32.7
The Way of Knight,3517300,2026-01-26,"Jan 26, 2026",prerelease,past-date prerelease,froggyrs,froggyrs,2,0,1,0,0,0,0,0,0,1,162745.029680744308,2506.6616269450679890,0.91,0,7,"Indie, Strategy","Puzzle, Strategy, 2D, Cute, Relaxing",21.4,38.9,74.1,1.9,32.6
Space Bash,4086330,2026-02-04,"Feb 4, 2026",prerelease,past-date prerelease,M2CG,M2CG,1,0,1,0,0,0,0,0,0,1,176050.163841941159,3038.3872731163472784,1.34,0,1,"Action, Casual, Indie","Casual, Top-Down Shooter, Action, Space, Local Multiplayer",0.0,58.2,100.0,1.9,32.6
AutoDice,4341300,2026-02-13,"Feb 13, 2026",prerelease,past-date prerelease,2phase,2phase,1,0,1,0,0,0,0,0,5,1,162745.029680744308,2506.6616269450679890,0.91,0,1,"Indie, Strategy","Dungeon Crawler, Roguelite, Auto Battler, Strategy, PvE",0.0,38.9,100.0,59.2,32.6
Super Astro Space Blast,4353750,2026-02-11,"Feb 11, 2026",prerelease,past-date prerelease,Enceladus Studios,Enceladus Studios,1,0,1,0,0,0,0,0,0,1,176050.163841941159,3038.3872731163472784,1.34,0,1,"Action, Casual, Indie","Arcade, Casual, Score Attack, Action, Pixel Graphics",0.0,58.2,100.0,1.9,32.6
Tower of Jank,3225940,2026-02-16,"Feb 16, 2026",prerelease,past-date prerelease,Matas Dragūnas,Matas Dragūnas,1,0,1,0,0,0,0,0,0,1,176050.163841941159,3038.3872731163472784,1.34,0,1,"Action, Casual, Indie","Deckbuilding, Action, Bullet Hell, Roguelike, Auto Battler",0.0,58.2,100.0,1.9,32.6
Glory Survivor,4127810,2026-02-17,"Feb 17, 2026",prerelease,past-date prerelease,Cocidoware,Cocidoware,1,0,1,0,0,0,0,0,0,1,176050.163841941159,3038.3872731163472784,1.34,0,1,"Action, Casual, Indie","Action Roguelike, Action, Bullet Hell, Rome, Arcade",0.0,58.2,100.0,1.9,32.6
D.I.G. — Discover Infinite Galaxies,4015810,2026-02-12,"Feb 12, 2026",prerelease,past-date prerelease,"BloomSpaceGames, Minds2Bros",BloomSpaceGames,1,0,1,0,0,0,0,0,0,1,315888.133283383681,5056.3902224321622102,1.96,10000,4,"Adventure, Early Access, Indie, Massively Multiplayer","Simulation, Space Sim, Exploration, Hidden Object, 3D",0.0,95.0,24.1,1.9,32.3
Little Toys,4277250,2026-02-19,"Feb 19, 2026",prerelease,past-date prerelease,YLRG Entertainment,YLRG Entertainment,1,0,1,0,0,0,0,0,0,1,165434.914077844131,2892.8828175159662527,1.40,0,1,"Action, Casual, Indie, Racing","Racing, Casual, Local Multiplayer, Split Screen, Family Friendly",0.0,56.6,100.0,1.9,32.2
冒険は買い物の後で！,4368740,2026-02-16,"Feb 16, 2026",prerelease,past-date prerelease,NoWords,Toru Nakano,1,0,1,0,0,0,0,0,0,1,196525.446911515313,3332.8559026350980494,1.12,0,2,"Indie, RPG","RPG, JRPG, CRPG, 2D, 1990's",0.0,64.0,84.8,1.9,32.1
ICE Melts On The Riviera,4283380,2026-01-24,"Jan 24, 2026",prerelease,past-date prerelease,Creamhouse,Creamhouse,1,0,1,0,0,0,0,0,0,3,174639.503954253896,3066.9699618160454865,1.30,0,9,"Adventure, Simulation","Visual Novel, Dating Sim, Adventure, Romance, Sexual Content",0.0,58.1,73.3,37.0,32.1
Late Night Tales,4213060,2026-02-11,"Feb 11, 2026",prerelease,past-date prerelease,Moonlapse Studio,Moonlapse Studio,1,0,1,0,0,0,0,0,0,2,166562.795012043259,2751.7861144837238348,0.99,0,1,"Adventure, Casual, Indie, RPG","Visual Novel, Choose Your Own Adventure, Choices Matter, Story Rich, Fantasy",0.0,45.7,100.0,32.3,31.9
Monster King,4326830,2026-02-13,"Feb 13, 2026",prerelease,past-date prerelease,Asky,Asky,1,0,1,0,0,0,0,0,0,2,166562.795012043259,2751.7861144837238348,0.99,0,1,"Adventure, Casual, Indie, RPG","RPG, JRPG, Casual, Adventure, 2D",0.0,45.7,100.0,32.3,31.9
The Seven,3806030,2026-02-12,"Feb 12, 2026",prerelease,past-date prerelease,Creyd,Creyd,1,0,1,0,0,0,0,0,10,1,151909.882818161131,2463.0142131991070699,0.97,0,1,"Adventure, Casual, Indie, Simulation","Auto Battler, Simulation, Roguelike, Roguelite, Action Roguelike",0.0,36.0,100.0,60.9,31.9
Blood Country,3655790,2026-01-23,"Jan 23, 2026",prerelease,past-date prerelease,Pirate Dog Games,Pirate Dog Games,1,0,1,0,0,0,0,0,0,1,318926.653083904427,5940.5710316725319504,2.85,20000,4,Action,"Western, Action, Roguelike, Blood, Violent",0.0,96.2,18.3,1.9,31.8
TableTop Soccer: Redux,1145910,2026-03-03,"Mar 3, 2026",prerelease,past-date prerelease,Dancing Developers,Dancing Developers,1,0,1,1,0,0,0,0,0,3,167824.936482439546,2799.8746837845742814,1.32,35000,2,"Action, Casual, Indie, Simulation","Strategy, Action, Indie, Casual, Simulation",19.2,53.8,20.8,37.0,31.6
Nodosis,3874580,2026-03-09,"Mar 9, 2026",prerelease,past-date prerelease,PuffyChickenlegs,PuffyChickenlegs,1,0,1,1,0,0,0,0,0,0,142913.457280594032,2087.1741215801214450,0.74,0,1,"Casual, Strategy","Casual, Strategy, Board Game, Roguelike, Turn-Based Strategy",19.2,25.6,100.0,0.0,31.3
BACKROOMS: DON'T LOOK AWAY,2702190,2026-01-25,"Jan 25, 2026",prerelease,past-date prerelease,DMNT Interactive,DMNT Interactive,1,0,1,0,0,0,0,0,0,1,253673.296244118795,4557.0978979319613963,2.09,35000,2,"Action, Adventure","Horror, Multiplayer, Action, PvP, Survival Horror",0.0,92.8,20.8,1.9,31.2
Hajimeow: Tiny Box Cat,4204880,2026-03-04,"Mar 4, 2026",prerelease,past-date prerelease,otofcd,otofcd,1,0,1,1,0,0,0,0,3,1,104611.919220959525,1587.2953938382549425,0.58,0,1,"Casual, Indie","Casual, Cats, Clicker, Cute, Idler",19.2,4.8,100.0,58.8,31.0
Halloween Mystery: 100 Hidden Object Fruits,4149890,2026-03-05,"Mar 5, 2026",prerelease,past-date prerelease,ArPeaKK Games,ArPeaKK Games,1,0,1,1,0,0,0,0,0,1,132547.925948750737,2116.0718506226335757,0.83,0,1,"Adventure, Casual, Indie","2D, Hidden Object, Puzzle, Casual, Exploration",19.2,23.7,100.0,1.9,30.9
They Killed Your Cat,3489420,2026-02-24,"Feb 24, 2026",prerelease,past-date prerelease,Vekaria,Vekaria,1,0,1,1,0,0,0,0,0,1,172252.390007499527,3018.8692446974354915,1.32,10000,2,"Action, Casual, Indie, Simulation","FPS, PvE, Difficult, Shooter, First-Person",19.2,56.6,31.7,1.9,30.6
BDSM HISTORY,4233790,2026-01-23,"Jan 23, 2026",prerelease,past-date prerelease,"Hell Bomb Studio, Kawaii","Hell Bomb Studio, Kawaii",1,0,1,0,0,0,0,0,0,1,180418.627537216064,3089.3230597541280930,1.38,0,35,"Action, Adventure, Casual, Indie","2D, NSFW, Anime, Arcade, Indie",0.0,65.0,71.1,1.9,30.4
King's Hand,4228420,2026-03-09,"Mar 9, 2026",prerelease,past-date prerelease,Anomie Game Studio,Anomie Game Studio,1,0,1,1,0,0,0,0,0,1,136756.802060765955,2060.3770474544814588,0.75,0,1,"Casual, Indie, Strategy","Strategy, Chess, Casual, Roguelike, Singleplayer",19.2,21.5,100.0,1.9,30.3
Be My Lust 3,4238460,2026-01-06,"Jan 6, 2026",prerelease,past-date prerelease,B Plus Studio,B Plus Studio,1,0,1,0,0,0,0,0,0,1,179142.607732539160,3072.1966458851081694,1.33,0,4,"Action, Adventure, Casual, Indie","Sexual Content, Nudity, Mature, Casual, Hentai",0.0,61.4,77.2,1.9,30.2
QA Simulator,2976690,2026-02-16,"Feb 16, 2026",prerelease,past-date prerelease,MGTD SERVICES inc,MGTD SERVICES inc,1,0,1,0,0,0,0,0,0,1,160859.068504174630,2960.3151594407001308,1.27,0,1,Simulation,"Simulation, Education, Utilities, Visual Novel, Time Management",0.0,49.6,100.0,1.9,30.1
Futa Night ⚔,4138270,2026-03-03,"Mar 3, 2026",prerelease,past-date prerelease,EroBits,TheBigO Games,1,0,1,1,0,0,0,0,0,3,132547.925948750737,2116.0718506226335757,0.83,0,50,"Adventure, Casual, Indie","Nudity, Sexual Content, Casual, Mature, NSFW",19.2,23.7,70.8,37.0,30.1
CRT: Corner Right There!,4165970,2026-03-09,"Mar 9, 2026",prerelease,past-date prerelease,Benevolent Banana Studio,Benevolent Banana Studio,1,0,1,1,0,0,0,0,0,1,179142.607732539160,3072.1966458851081694,1.33,20000,4,"Action, Adventure, Casual, Indie","Action, Nostalgia, Adventure, Casual, Arcade",19.2,61.4,18.3,1.9,30.0
Scrap Inc,4088550,2026-02-13,"Feb 13, 2026",prerelease,past-date prerelease,TheDarkSeraph,TheDarkSeraph,1,0,1,0,0,0,0,0,0,1,171303.332921940593,2728.9826726938422733,1.05,0,1,"Adventure, Indie, Strategy","Robots, Puzzle, Sokoban, Grid-Based Movement, Strategy",0.0,49.0,100.0,1.9,29.9
秦屍之亂,4348940,2026-02-14,"Feb 14, 2026",prerelease,past-date prerelease,Seasonbean Team,Seasonbean Team,1,0,1,0,0,0,0,0,14,1,201853.499952356838,3554.1894600729201745,1.63,85000,6,"Action, Casual","Action, Casual, Zombies, Action RPG, Top-Down Shooter",0.0,76.4,5.6,61.5,29.9
Matchmaker Simulator 相亲模拟器,4080400,2026-03-09,"Mar 9, 2026",prerelease,past-date prerelease,ZeroBitCode,ZeroBitCode,1,0,1,1,0,0,0,0,0,3,123360.968982031227,2044.9686490390700052,0.81,0,3,"Casual, Indie, Simulation","Simulation, Casual, Satire, Philosophical, Interactive Fiction",19.2,18.3,79.6,37.0,29.8
Every Step Counts,4143750,2026-01-25,"Jan 25, 2026",prerelease,past-date prerelease,Tried Indie,nipanko,1,0,1,0,0,0,0,0,0,2,143196.889878272577,2366.9632569881476198,1.07,0,1,"Casual, Early Access, Indie, Simulation","Education, Clicker, Economy, Simulation, 2D",0.0,38.2,100.0,32.3,29.7
Delivery Dash: Battle Couriers,2479050,2026-01-22,"Jan 22, 2026",prerelease,past-date prerelease,Frostweep Games,Frostweep Games,1,0,1,0,0,0,0,0,0,1,165422.049710469533,2793.4919234751190940,1.05,0,1,"Adventure, Casual, Indie, RPG","Adventure, RPG, Exploration, 3D, Casual",0.0,48.3,100.0,1.9,29.7
Fast Food Frog,3873660,2026-02-04,"Feb 4, 2026",prerelease,past-date prerelease,AlbiStudios,AlbiStudios,1,0,1,0,0,0,0,0,0,1,217400.522397709326,3935.8552596668387948,2.01,10000,3,"Action, Adventure, Early Access","3D Platformer, Action-Adventure, Adventure, Action, Cute",0.0,85.2,26.5,1.9,29.7
A Game About Shooting Bullets At Bullets (AGASBAB),4273610,2026-03-03,"Mar 3, 2026",prerelease,past-date prerelease,NourSaiFR,NourSaiFR,1,0,1,1,0,0,0,0,0,1,178011.225554075384,3016.4034666953352915,1.27,10000,4,"Action, Casual, Indie, Simulation","Casual, Idler, FPS, Action, Clicker",19.2,56.9,24.1,1.9,29.5
OUTBREAK FALL: BIOHAZARD,4333640,2026-02-04,"Feb 4, 2026",prerelease,past-date prerelease,Eclipse Interactive,Eclipse Interactive,1,0,1,0,0,0,0,0,0,1,222735.220330804073,4024.8369851015409744,1.81,35000,4,"Action, Adventure, Simulation","Simulation, Shooter, FPS, Zombies, Post-apocalyptic",0.0,90.6,13.3,1.9,29.4
Warboss,4143830,2026-03-05,"Mar 5, 2026",prerelease,past-date prerelease,Vitezi Games,Vitezi Games,1,0,1,1,0,0,0,0,0,0,142782.368671618124,2285.3615754510361268,0.88,0,4,"Casual, Indie, Simulation, Strategy","Simulation, Strategy, Auto Battler, Tactical, Medieval",19.2,30.3,77.2,0.0,29.3
Grave Dodgers,2928110,2026-03-09,"Mar 9, 2026",prerelease,past-date prerelease,"Chuhai Labs, VITEI BACKROOM Inc.","Chuhai Labs, VITEI BACKROOM Inc.",1,0,1,1,0,0,0,0,0,1,161260.995662520958,2708.0981471449527665,1.39,10000,2,"Action, Casual, Indie, Sports","Action, 2D Fighter, Side Scroller, Pixel Graphics, Indie",19.2,52.4,31.7,1.9,29.3
DESERT OF ASH: a Post-Apocalyptic Gay Sex Simulator,3098970,2026-02-13,"Feb 13, 2026",prerelease,past-date prerelease,Davis G. See,Davis G. See,1,0,1,0,0,0,0,0,0,3,142651.280062642216,2483.5490293219508086,1.01,0,1,"Indie, Simulation","LGBTQ+, Post-apocalyptic, Visual Novel, Survival, Story Rich",0.0,34.2,100.0,37.0,28.9
Chill Beach Simulator,3879140,2026-01-14,"Jan 14, 2026",prerelease,past-date prerelease,RendForge,RendForge,1,0,1,0,0,0,0,0,0,1,157907.499843205864,2713.5742742784308198,1.11,0,1,"Adventure, Indie, Simulation","Exploration, Simulation, Immersive Sim, Nature, Adventure",0.0,45.0,100.0,1.9,28.7
Broom And Boom,3673790,2026-02-17,"Feb 17, 2026",prerelease,past-date prerelease,Martijn Folmer,Martijn Folmer,1,0,1,0,0,0,0,0,0,1,221685.072352507114,3973.6769654378667184,1.80,20000,3,"Action, Indie","Indie, Female Protagonist, Magic, Arcade, Minimalist",0.0,82.6,20.7,1.9,28.1
AstroRage2049,3841240,2026-01-23,"Jan 23, 2026",prerelease,past-date prerelease,Outofthematrix,Cj,1,0,1,0,0,0,0,0,0,1,221685.072352507114,3973.6769654378667184,1.80,20000,3,"Action, Indie","Action, Arcade, Shooter, Bullet Hell, Shoot 'Em Up",0.0,82.6,20.7,1.9,28.1
地下冒险者 Cave Explorers,3950260,2026-02-03,"Feb 3, 2026",prerelease,past-date prerelease,"CXCY CO.,LTD","CXCY CO.,LTD",1,0,1,0,0,0,0,0,5,1,195629.350241935651,3211.4692310371303581,1.16,35000,2,"Adventure, Indie, RPG, Strategy","Adventure, Strategy, RPG, Card Game, Strategy RPG",0.0,62.8,20.8,59.2,27.9
TROID BLASTER 2,4126820,2026-02-12,"Feb 12, 2026",prerelease,past-date prerelease,KINGSGUARD GAMES,KINGSGUARD GAMES,1,0,1,0,0,0,0,0,0,1,221685.072352507114,3973.6769654378667184,1.80,20000,4,"Action, Indie","Action, Arcade, Shooter, Shoot 'Em Up, Top-Down Shooter",0.0,82.6,18.3,1.9,27.7
Pip's Potion Shop,4066240,2026-02-17,"Feb 17, 2026",prerelease,past-date prerelease,Temple 7 Studios,Temple 7 Studios,1,0,1,0,0,0,0,0,0,1,159672.577287003626,2698.4587132960511570,0.98,0,1,"Casual, Indie, RPG, Simulation","Casual, RPG, Puzzle, Shop Keeper, Visual Novel",0.0,41.3,100.0,1.9,27.6
Easy Money,4221530,2026-01-24,"Jan 24, 2026",prerelease,past-date prerelease,Easy Money,Easy Money,1,0,1,0,0,0,0,0,0,1,156431.715512721482,2590.2038316972961643,1.04,0,1,"Adventure, Indie","Nudity, Sexual Content, Mature, Adventure, Hentai",0.0,39.9,100.0,1.9,27.2
Reenchant,3984730,2026-03-06,"Mar 6, 2026",prerelease,past-date prerelease,Surfin Bird Games,"Surfin Bird, Surfin Bird Games",1,0,1,1,0,0,0,0,0,1,136756.802060765955,2060.3770474544814588,0.75,0,3,"Casual, Indie, Strategy","Cozy, Atmospheric, Nature, Roguelite, Relaxing",19.2,21.5,79.6,1.9,27.2
Legacy of Y,4281930,2026-01-27,"Jan 27, 2026",prerelease,past-date prerelease,YAO,YAO,1,0,1,0,0,0,0,0,0,1,268607.402201920825,4658.9289060669946123,1.49,55000,32,RPG,"RPG, Party-Based RPG, 2D Platformer, 2D, Medieval",0.0,87.4,4.2,1.9,27.0
explorer of Y,4254440,2026-01-14,"Jan 14, 2026",prerelease,past-date prerelease,YAO,YAO,1,0,1,0,0,0,0,0,0,1,268607.402201920825,4658.9289060669946123,1.49,55000,32,RPG,"RPG, Party-Based RPG, 2D Platformer, 2D, Medieval",0.0,87.4,4.2,1.9,27.0
Haunted: Village,3934410,2026-03-03,"Mar 3, 2026",prerelease,past-date prerelease,Panderma Games,Panderma Games,1,0,1,1,0,0,0,0,0,1,124443.491621109801,2006.7828992032014864,0.75,0,2,Indie,"Demons, Mythology, Thriller, Supernatural, Psychological Horror",19.2,18.0,84.8,1.9,26.9
Paint On Paint TD,3773930,2026-02-15,"Feb 15, 2026",prerelease,past-date prerelease,nuckname,nuckname,1,0,1,0,0,0,0,0,0,1,162745.029680744308,2506.6616269450679890,0.91,0,1,"Indie, Strategy","Tower Defense, Bullet Hell, Difficult, Strategy, Indie",0.0,38.9,100.0,1.9,26.9
Brewmatics,4275020,2026-02-04,"Feb 4, 2026",prerelease,past-date prerelease,Nova Makes Games,Nova Makes Games,1,0,1,0,0,0,0,0,0,1,162745.029680744308,2506.6616269450679890,0.91,0,1,"Indie, Strategy","Strategy, Card Game, Deckbuilding, Casual, Singleplayer",0.0,38.9,100.0,1.9,26.9
"EmpireX - Business, Real Estate and Crime Simulator",3719460,2026-02-11,"Feb 11, 2026",prerelease,past-date prerelease,darkwolf66,darkwolf66,1,0,1,0,0,0,0,0,0,1,167947.375377678664,2760.0750415742278239,1.00,0,2,"Casual, Indie, RPG, Simulation","Capitalism, Life Sim, Management, Immersive Sim, Time Management",0.0,46.6,84.8,1.9,26.9
Reel Horror,3797310,2026-01-14,"Jan 14, 2026",prerelease,past-date prerelease,Snarkle Studios,Snarkle Studios,1,0,1,0,0,0,0,0,0,1,221685.072352507114,3973.6769654378667184,1.80,30000,6,"Action, Indie","Horror, Exploration, Action, Walking Simulator, 3D",0.0,82.6,11.9,1.9,26.8
traveler of Y,4270000,2026-01-20,"Jan 20, 2026",prerelease,past-date prerelease,YAO,YAO,1,0,1,0,0,0,0,0,0,0,268607.402201920825,4658.9289060669946123,1.49,55000,32,RPG,"RPG, Party-Based RPG, 2D Platformer, 2D, Medieval",0.0,87.4,4.2,0.0,26.8
PeacefulFarm,3857700,2026-02-15,"Feb 15, 2026",prerelease,past-date prerelease,Peaceful Game,Peaceful Game,1,0,1,0,0,0,0,0,2,1,122819.707662491940,2064.0615239570042647,0.84,0,1,"Casual, Simulation","Idler, Casual, Tabletop, Simulation, Farming Sim",0.0,20.4,100.0,56.6,26.8
Teenage Wasteland,2495580,2026-02-16,"Feb 16, 2026",prerelease,past-date prerelease,Enchanted Workshop,Cyberwaste,1,0,1,0,0,0,0,0,0,1,162221.230950612685,2740.1028882142977862,1.17,0,3,"Adventure, Casual, Early Access, Indie","RPG, Pixel Graphics, Funny, Choices Matter, Open World",0.0,48.7,79.6,1.9,26.8
Bomb Kitten,4426510,2026-03-03,"Mar 3, 2026",prerelease,past-date prerelease,NipoBox Publishing,NipoBox,1,0,1,1,0,0,0,0,0,1,176050.163841941159,3038.3872731163472784,1.34,95000,11,"Action, Casual, Indie","Action, Casual, Adventure, Arcade, Puzzle",19.2,58.2,3.5,1.9,26.8
Dissolve Into Me,4183970,2026-01-12,"Jan 12, 2026",prerelease,past-date prerelease,JellyFluff Games,JellyFluff Games,1,0,1,0,0,0,0,0,0,3,159277.080214613292,2611.1732312478348324,0.88,0,12,"Casual, Indie, RPG","Sexual Content, Visual Novel, RPG, Nudity, Hentai",0.0,38.6,72.8,37.0,26.2
TURBOCIDE,3877200,2026-01-25,"Jan 25, 2026",prerelease,past-date prerelease,SlovGoblin,SlovGoblin,1,0,1,0,0,0,0,0,0,1,196075.039803301539,3546.9079713374423429,1.82,20000,6,"Action, Early Access, Indie","Action, Shooter, Arena Shooter, Third-Person Shooter, Stylized",0.0,78.4,16.0,1.9,26.1
MY WIFE IS A PORN STAR 2,4184630,2026-01-23,"Jan 23, 2026",prerelease,past-date prerelease,Lust Zone Studio,Lust Zone Studio,1,0,1,0,0,0,0,0,0,1,160859.068504174630,2960.3151594407001308,1.27,0,20,Simulation,"Simulation, Point & Click, Visual Novel, Choose Your Own Adventure, 3D",0.0,49.6,72.0,1.9,25.9
Calm Before the Storm,3542540,2026-01-23,"Jan 23, 2026",prerelease,past-date prerelease,JoyTree Studios,Trident,1,0,1,0,0,0,0,0,0,1,143385.844943391606,2553.4893472601650697,1.29,0,3,"Early Access, Indie, Simulation","Simulation, Life Sim, Walking Simulator, FPS, Immersive Sim",0.0,44.5,79.6,1.9,25.5
One More Box,4347440,2026-02-12,"Feb 12, 2026",prerelease,past-date prerelease,Kana Games,Kana Games,1,0,1,0,0,0,0,0,0,1,142651.280062642216,2483.5490293219508086,1.01,0,1,"Indie, Simulation","Simulation, Psychological Horror, Walking Simulator, Surreal, Puzzle",0.0,34.2,100.0,1.9,25.4
ANLIFE: Motion-Learning Life Evolution,2452130,2026-02-11,"Feb 11, 2026",prerelease,past-date prerelease,Attructure Inc.,Attructure Inc.,1,0,1,0,0,0,0,0,0,1,142651.280062642216,2483.5490293219508086,1.01,0,1,"Indie, Simulation","Physics, God Game, Sandbox, Colony Sim, Artificial Intelligence",0.0,34.2,100.0,1.9,25.4
Coldwake,3526340,2026-02-13,"Feb 13, 2026",prerelease,past-date prerelease,MadLeap Games,MadLeap Games,1,0,1,0,0,0,0,0,0,1,142651.280062642216,2483.5490293219508086,1.01,0,1,"Indie, Simulation","Typing, Puzzle, Artificial Intelligence, Atmospheric, Detective",0.0,34.2,100.0,1.9,25.4
RaceWorms,3653330,2026-01-27,"Jan 27, 2026",prerelease,past-date prerelease,Team Zandt,Team Zandt,1,0,1,0,0,0,0,0,0,2,176050.163841941159,3038.3872731163472784,1.34,10000,2,"Action, Casual, Indie","Multiplayer, Indie, Action, 2D Platformer, Local Multiplayer",0.0,58.2,31.7,32.3,25.4
Hamstar and the village of sun,3671590,2026-03-11,"Mar 11, 2026",prerelease,past-date prerelease,SUCCESS,SUCCESS,1,0,1,1,0,0,0,0,5,1,122819.707662491940,2064.0615239570042647,0.84,10000,2,"Casual, Simulation","Casual, Simulation, Sandbox, Education, Collectathon",19.2,20.4,31.7,59.2,25.4
Blockaholic,4193230,2026-03-06,"Mar 6, 2026",prerelease,past-date prerelease,Oleg Vasilev,Oleg Vasilev,1,0,1,1,0,0,0,0,0,1,104611.919220959525,1587.2953938382549425,0.58,0,1,"Casual, Indie","Indie, Casual, Physics, Puzzle, Management",19.2,4.8,100.0,1.9,25.3
Your Fitness Wife,4323970,2026-02-18,"Feb 18, 2026",prerelease,past-date prerelease,Xero Studio,Daily Life Studio,1,0,1,0,1,0,0,0,0,1,104611.919220959525,1587.2953938382549425,0.58,0,1,"Casual, Indie","Casual, Idler, Sexual Content, Clicker, Nudity",19.2,4.8,100.0,1.9,25.3
Cozy Fast Hanoï,4113630,2026-03-09,"Mar 9, 2026",prerelease,past-date prerelease,Wi Lee Studio,Wi Lee Studio,1,0,1,1,0,0,0,0,0,1,104611.919220959525,1587.2953938382549425,0.58,0,1,"Casual, Indie","Puzzle Platformer, Puzzle, PvP, 2D Fighter, 2D",19.2,4.8,100.0,1.9,25.3
Treasure Hunt,4320520,2026-02-11,"Feb 11, 2026",prerelease,past-date prerelease,Voidman,Voidman,1,0,1,0,0,0,0,0,0,1,149672.586396657757,2338.6889766387088046,0.89,0,1,"Adventure, Casual, Indie, Strategy","Casual, Strategy, Adventure, Exploration, Resource Management",0.0,33.2,100.0,1.9,25.2
To the Carrot,4033180,2026-03-10,"Mar 10, 2026",prerelease,past-date prerelease,Sapphirealone,Sapphirealone,1,0,1,1,0,0,0,0,0,0,104611.919220959525,1587.2953938382549425,0.58,0,1,"Casual, Indie","Puzzle, Indie, Cozy, Cute, Relaxing",19.2,4.8,100.0,0.0,25.1
Ghost Restaurant,4130020,2026-03-06,"Mar 6, 2026",prerelease,past-date prerelease,Akrelia Studio,Akrelia Studio,1,0,1,1,0,0,0,0,0,0,104611.919220959525,1587.2953938382549425,0.58,0,1,"Casual, Indie","Puzzle, Mystery, Logic, Detective, Exploration",19.2,4.8,100.0,0.0,25.1
QBased GORILLAS,4266090,2026-02-13,"Feb 13, 2026",prerelease,past-date prerelease,A-Town Techworks,A-Town Techworks,1,0,1,0,0,0,0,0,0,1,138781.345221797063,2218.6252813750094921,1.02,0,1,"Casual, Early Access, Indie, Strategy","Casual, Strategy, Party Game, Turn-Based Strategy, Turn-Based Tactics",0.0,32.3,100.0,1.9,24.9
Type Her to Sleep,3714440,2026-01-26,"Jan 26, 2026",prerelease,past-date prerelease,SkilZent,SkilZent,2,0,1,0,0,0,0,0,0,1,84780.346820809249,1167.8078884733083985,0.41,0,1,Casual,"Spelling, Typing, Word Game, Casual, Cozy",21.4,0.0,100.0,1.9,24.8
Curation,3323650,2026-02-13,"Feb 13, 2026",prerelease,past-date prerelease,Circle Back Games,Circle Back Games,1,0,1,0,0,0,0,0,0,3,122819.707662491940,2064.0615239570042647,0.84,0,1,"Casual, Simulation","Casual, Simulation, City Builder, Sandbox, Immersive Sim",0.0,20.4,100.0,37.0,24.8
Where’s My Lewd Deck? Deep ’n Dive,4237470,2026-03-03,"Mar 3, 2026",prerelease,past-date prerelease,Kopon Games,Kopon Games,1,0,1,1,0,0,0,0,0,3,104611.919220959525,1587.2953938382549425,0.58,0,12,"Casual, Indie","Sexual Content, Casual, Hentai, Deckbuilding, Point & Click",19.2,4.8,72.8,37.0,24.7
Meal: Mystery Escape Room,3115860,2026-01-13,"Jan 13, 2026",prerelease,past-date prerelease,Unyielding Pixel Games,Unyielding Pixel Games,1,0,1,0,0,0,0,0,0,1,139625.711587606711,2327.1326778271502145,0.94,0,1,"Adventure, Casual, Indie, Simulation","Exploration, Hidden Object, Puzzle, Investigation, Detective",0.0,31.7,100.0,1.9,24.7
Idle Harem Dungeon,3318170,2026-01-27,"Jan 27, 2026",prerelease,past-date prerelease,Cheedle,Cheedle,1,0,1,0,0,0,0,0,0,1,159277.080214613292,2611.1732312478348324,0.88,0,2,"Casual, Indie, RPG","Sexual Content, Hentai, Idler, NSFW, Clicker",0.0,38.6,84.8,1.9,24.5
Mytosis,4275310,2026-01-28,"Jan 28, 2026",prerelease,past-date prerelease,"Egret Studios, LLC","Egret Studios, LLC",1,0,1,0,0,0,0,0,0,1,142782.368671618124,2285.3615754510361268,0.88,0,1,"Casual, Indie, Simulation, Strategy","Clicker, Strategy, Idler, Casual, Simulation",0.0,30.3,100.0,1.9,24.3
Primitive Environment Survival,2281890,2026-03-08,"Mar 8, 2026",prerelease,past-date prerelease,StarMatrix Labs,StarMatrix Labs,1,0,1,1,0,0,0,0,0,1,157907.499843205864,2713.5742742784308198,1.11,45000,6,"Adventure, Indie, Simulation","Crafting, Simulation, Survival, Adventure, Card Game",19.2,45.0,9.4,1.9,23.8
Perfore la demande du perforien,3900360,2026-01-14,"Jan 14, 2026",prerelease,past-date prerelease,Triolet noire,Triolet noire,1,0,1,0,0,0,0,0,0,1,156431.715512721482,2590.2038316972961643,1.04,0,4,"Adventure, Indie","Adventure, Interactive Fiction, Choose Your Own Adventure, 2D, Third Person",0.0,39.9,77.2,1.9,23.7
Idle Roller,4333720,2026-03-09,"Mar 9, 2026",prerelease,past-date prerelease,The Revolt Interactive,The Revolt Interactive,1,0,1,1,0,0,0,0,0,1,104611.919220959525,1587.2953938382549425,0.58,0,2,"Casual, Indie","Casual, Clicker, Idler, 3D, Top-Down",19.2,4.8,84.8,1.9,23.0
Vocator,3682060,2026-01-27,"Jan 27, 2026",prerelease,past-date prerelease,Ion Software,Ion Software,1,0,1,0,0,0,0,0,0,1,142913.457280594032,2087.1741215801214450,0.74,0,1,"Casual, Strategy","Strategy, Roguelike Deckbuilder, Card Battler, Auto Battler, Card Game",0.0,25.6,100.0,1.9,22.9
Dorm Till Dawn,4351680,2026-02-12,"Feb 12, 2026",prerelease,past-date prerelease,RB Ashton,RB Ashton,1,0,1,0,0,0,0,0,0,3,132547.925948750737,2116.0718506226335757,0.83,0,4,"Adventure, Casual, Indie","Interactive Fiction, Choose Your Own Adventure, Visual Novel, Horror, Adventure",0.0,23.7,77.2,37.0,22.4
Only One Night,4346810,2026-02-13,"Feb 13, 2026",prerelease,past-date prerelease,Splat Soul,Splat Soul,1,0,1,0,0,0,0,0,0,1,132547.925948750737,2116.0718506226335757,0.83,0,1,"Adventure, Casual, Indie","Action Roguelike, Roguelite, Point & Click, Roguelike, RPG",0.0,23.7,100.0,1.9,22.3
Forest Construction VR,2989140,2026-03-11,"Mar 11, 2026",prerelease,past-date prerelease,RedLightsStudio,RedLightsStudio,1,0,1,1,0,0,0,0,0,1,142651.280062642216,2483.5490293219508086,1.01,35000,2,"Indie, Simulation","Building, Sandbox, Crafting, Physics, Simulation",19.2,34.2,20.8,1.9,22.2
Cat Adoption Tales,4091580,2026-03-03,"Mar 3, 2026",prerelease,past-date prerelease,Closed Forum,Closed Forum,1,0,1,1,0,0,0,0,0,1,104611.919220959525,1587.2953938382549425,0.58,0,4,"Casual, Indie","Cats, Management, Relaxing, Time Management, Cute",19.2,4.8,77.2,1.9,21.9
Fruit Casket,3801050,2026-01-20,"Jan 20, 2026",prerelease,past-date prerelease,DeerDuckGames,"DeerDuckGames, Vertacore Entertainment Solutions",1,0,1,0,0,0,0,0,0,1,136756.802060765955,2060.3770474544814588,0.75,0,1,"Casual, Indie, Strategy","Puzzle, Arcade, Strategy, Score Attack, Casual",0.0,21.5,100.0,1.9,21.6
Flan's BN,3363040,2026-02-12,"Feb 12, 2026",prerelease,past-date prerelease,"Geism, Nyads Games",Geism,1,0,1,0,0,0,0,0,5,1,162745.029680744308,2506.6616269450679890,0.91,10000,3,"Indie, Strategy","Indie, Strategy, Card Game, Dynamic Narration, Deckbuilding",0.0,38.9,26.5,59.2,21.6
Slums: Hauler,3892230,2026-01-17,"Jan 17, 2026",prerelease,past-date prerelease,Urban Bear Studio,Urban Bear Studio,1,0,1,0,0,0,0,0,0,1,125918.017932911682,2147.8188494580082978,1.00,0,2,"Casual, Indie, Racing, Simulation","Casual, Racing, Simulation, Sandbox, 3D",0.0,29.1,84.8,1.9,21.6
WeAreSecurity,4073740,2026-01-14,"Jan 14, 2026",prerelease,past-date prerelease,FutilityForge,FutilityForge,1,0,1,0,0,0,0,0,0,1,122819.707662491940,2064.0615239570042647,0.84,0,1,"Casual, Simulation","Casual, Simulation, Immersive Sim, 2D, Atmospheric",0.0,20.4,100.0,1.9,21.3
Sword of Shandar,4285610,2026-02-03,"Feb 3, 2026",prerelease,past-date prerelease,Nexus Media,Nexus Media,1,0,1,0,0,0,0,0,0,1,193823.611075787929,3279.7788564871956469,1.19,20000,11,"Adventure, Indie, RPG","RPG, Adventure, Interactive Fiction, Visual Novel, Choose Your Own Adventure",0.0,62.4,14.1,1.9,21.0
Riches in the Deep,4367730,2026-02-16,"Feb 16, 2026",prerelease,past-date prerelease,Berk Arifoglu,Berk Arifoglu,1,0,1,0,0,0,0,0,0,1,123360.968982031227,2044.9686490390700052,0.81,0,1,"Casual, Indie, Simulation","Clicker, Economy, Casual, Underground, Cute",0.0,18.3,100.0,1.9,20.7
绵羊岛,3475220,2026-02-04,"Feb 4, 2026",prerelease,past-date prerelease,Pixel time,Pixel time,1,0,1,0,0,0,0,0,0,1,123360.968982031227,2044.9686490390700052,0.81,0,1,"Casual, Indie, Simulation","Casual, Simulation, Farming Sim, Crafting, Resource Management",0.0,18.3,100.0,1.9,20.7
DungeonManagerAgent,4325570,2026-02-12,"Feb 12, 2026",prerelease,past-date prerelease,MEYOSOFT,MEYOSOFT,1,0,1,0,0,0,0,0,0,1,142782.368671618124,2285.3615754510361268,0.88,0,5,"Casual, Indie, Simulation, Strategy","Strategy, Auto Battler, Real Time Tactics, 3D, Point & Click",0.0,30.3,75.3,1.9,20.6
The Dreaded Forest,4373510,2026-02-22,"Feb 22, 2026",prerelease,past-date prerelease,Kacper Cezary Krzak,Kacper Cezary Krzak,1,0,1,0,0,0,0,0,0,1,124443.491621109801,2006.7828992032014864,0.75,0,1,Indie,"Tutorial, 3D, First-Person, Horror, Psychological Horror",0.0,18.0,100.0,1.9,20.6
League of Foes,3575670,2026-01-25,"Jan 25, 2026",prerelease,past-date prerelease,Sam Brown Studios,Sam Brown Studios,1,0,1,0,0,0,0,0,0,1,124443.491621109801,2006.7828992032014864,0.75,0,1,Indie,"Casual, Strategy, 3D Fighter, MOBA, Top-Down",0.0,18.0,100.0,1.9,20.6
治愈之书Book of Healing,4244050,2026-02-13,"Feb 13, 2026",prerelease,past-date prerelease,Miimiico,Miimiico,1,0,1,0,0,0,0,0,0,1,124443.491621109801,2006.7828992032014864,0.75,0,1,Indie,"Casual, Interactive Fiction, Clicker, Wholesome, Hand-drawn",0.0,18.0,100.0,1.9,20.6
Cozy Paintings,4286260,2026-03-09,"Mar 9, 2026",prerelease,past-date prerelease,Eliary Games,Eliary Games,1,0,1,1,0,0,0,0,0,0,84780.346820809249,1167.8078884733083985,0.41,0,3,Casual,"Casual, Puzzle, Cute, Cats, Relaxing",19.2,0.0,79.6,0.0,20.6
Bounce95,4087620,2026-03-09,"Mar 9, 2026",prerelease,past-date prerelease,Rinanda Hidayat,Rinanda Hidayat,1,0,1,1,0,0,0,0,0,1,84780.346820809249,1167.8078884733083985,0.41,0,4,Casual,"Casual, Idler, Sandbox, Clicker, Point & Click",19.2,0.0,77.2,1.9,20.4
Flip Hammy,4190050,2026-01-12,"Jan 12, 2026",prerelease,past-date prerelease,StudioVOcO,StudioVOcO,1,0,1,0,0,0,0,0,2,1,104611.919220959525,1587.2953938382549425,0.58,0,2,"Casual, Indie","Casual, Indie, Puzzle, 2D, Cute",0.0,4.8,84.8,56.6,19.8
GagImpact,4204990,2026-03-02,"Mar 2, 2026",prerelease,past-date prerelease,natamigame,natamigame,1,0,1,1,0,0,0,0,0,0,132547.925948750737,2116.0718506226335757,0.83,10000,3,"Adventure, Casual, Indie","Adventure, Casual, Arcade, Visual Novel, Immersive Sim",19.2,23.7,26.5,0.0,19.7
VerbMeister,4180850,2026-01-08,"Jan 8, 2026",prerelease,past-date prerelease,Alpen Adria Forge,Alpen Adria Forge,1,0,1,0,0,0,0,0,0,2,104611.919220959525,1587.2953938382549425,0.58,0,1,"Casual, Indie","Casual, Visual Novel, Trivia, Education, Clicker",0.0,4.8,100.0,32.3,19.7
Mystical Herbalists,4222180,2026-01-10,"Jan 10, 2026",prerelease,past-date prerelease,Jan Brychta,Jan Brychta,1,0,1,0,0,0,0,0,0,1,136756.802060765955,2060.3770474544814588,0.75,0,2,"Casual, Indie, Strategy","Casual, Strategy, Board Game, Card Game, Puzzle",0.0,21.5,84.8,1.9,19.4
Woofy Run,3847070,2026-02-16,"Feb 16, 2026",prerelease,past-date prerelease,ICON GAME STUDIO,ICON GAME STUDIO,1,0,1,0,0,0,0,0,0,1,161318.926203253382,2852.9802506400917205,1.49,20000,5,"Action, Casual, Early Access, Indie","Multiplayer, Family Friendly, Parkour, Casual, Physics",0.0,55.4,16.4,1.9,19.3
Card roguelike of musou farming,4358350,2026-03-03,"Mar 3, 2026",prerelease,past-date prerelease,CHEN JIE,CHEN JIE,1,0,1,1,0,0,0,0,0,1,132547.925948750737,2116.0718506226335757,0.83,10000,6,"Adventure, Casual, Indie","Action Roguelike, Adventure, Card Game, Casual, Post-apocalyptic",19.2,23.7,21.8,1.9,19.2
100 Cats Lost In Space Find & Color,3774950,2026-02-16,"Feb 16, 2026",prerelease,past-date prerelease,Two Cats Games,Two Cats Games,1,0,1,0,0,0,0,0,0,1,114817.660762849819,1930.5889358049509952,1.13,0,39,"Casual, Early Access","Exploration, Hidden Object, Puzzle, Education, Visual Novel",0.0,26.0,71.0,1.9,18.7
Holy Nope!,4194790,2026-03-09,"Mar 9, 2026",prerelease,past-date prerelease,Challenging Games,Challenging Games,1,0,1,1,0,0,0,0,0,1,142782.368671618124,2285.3615754510361268,0.88,70000,12,"Casual, Indie, Simulation, Strategy","Clicker, Casual, Idler, Comedy, Relaxing",19.2,30.3,4.5,1.9,18.6
DATE TEACHER,4342110,2026-02-13,"Feb 13, 2026",prerelease,past-date prerelease,DMT PRODUCTION,Onur Gencay GÖKÇE,1,0,1,0,0,0,0,0,0,1,123360.968982031227,2044.9686490390700052,0.81,0,2,"Casual, Indie, Simulation","Casual, Simulation, Visual Novel, Dating Sim, Interactive Fiction",0.0,18.3,84.8,1.9,18.4
Mole a Hole,4193750,2026-01-24,"Jan 24, 2026",prerelease,past-date prerelease,Wenkly Studio,Wenkly Studio,1,0,1,0,0,0,0,0,0,1,156431.715512721482,2590.2038316972961643,1.04,10000,2,"Adventure, Indie","VR, Sandbox, Mining, Adventure, Stylized",0.0,39.9,31.7,1.9,16.9
Jump To Success,2441910,2026-02-15,"Feb 15, 2026",prerelease,past-date prerelease,𝓛𝓮𝔁𝔂,𝓛𝓮𝔁𝔂,1,0,1,0,0,0,0,0,0,1,156431.715512721482,2590.2038316972961643,1.04,10000,2,"Adventure, Indie","2D Platformer, Adventure, Funny, Platformer, 2D",0.0,39.9,31.7,1.9,16.9
The Magician's Challenge,4216340,2026-02-16,"Feb 16, 2026",prerelease,past-date prerelease,Esciri,Esciri,1,0,1,0,0,0,0,0,0,2,104611.919220959525,1587.2953938382549425,0.58,0,3,"Casual, Indie","Escape Room, Hidden Object, Point & Click, Puzzle, Casual",0.0,4.8,79.6,32.3,16.6
The Knight's Challenge,4259020,2026-02-17,"Feb 17, 2026",prerelease,past-date prerelease,Esciri,Esciri,1,0,1,0,0,0,0,0,0,2,104611.919220959525,1587.2953938382549425,0.58,0,3,"Casual, Indie","Escape Room, Casual, Point & Click, Puzzle, Medieval",0.0,4.8,79.6,32.3,16.6
Cook Mix,4065930,2026-03-05,"Mar 5, 2026",prerelease,past-date prerelease,Manja Studio,Manja Studio,1,0,1,1,0,0,0,0,0,0,123360.968982031227,2044.9686490390700052,0.81,20000,6,"Casual, Indie, Simulation","Simulation, Cozy, Cooking, Shop Keeper, Sandbox",19.2,18.3,16.0,0.0,16.5
Ashes of Paradise,4211110,2026-01-26,"Jan 26, 2026",prerelease,past-date prerelease,Re:Start,Re:Start,1,0,1,0,0,0,0,0,0,2,84780.346820809249,1167.8078884733083985,0.41,0,2,Casual,"Interactive Fiction, Female Protagonist, Casual, Noir, Cyberpunk",0.0,0.0,84.8,32.3,15.9
Hentai Clicker: Vicky is streaming,4286180,2026-01-28,"Jan 28, 2026",prerelease,past-date prerelease,Sexy Baguette Studio,Sexy Baguette Studio,1,0,1,0,0,0,0,0,0,3,104611.919220959525,1587.2953938382549425,0.58,0,32,"Casual, Indie","Casual, Point & Click, Idler, Clicker, 2D",0.0,4.8,71.6,37.0,15.9
Cadence,362800,2026-02-12,"Feb 12, 2026",prerelease,past-date prerelease,Made With Monster Love,Made With Monster Love,1,0,1,0,0,0,0,0,0,2,124443.491621109801,2006.7828992032014864,0.75,10000,1,Indie,"Puzzle, Audio Production, Programming, Building, Music-Based Procedural Generation",0.0,18.0,46.9,32.3,15.7
Blackhole Maker,4299820,2026-01-26,"Jan 26, 2026",prerelease,past-date prerelease,Secretdinosaur,Secretdinosaur,1,0,1,0,0,0,0,0,0,1,84780.346820809249,1167.8078884733083985,0.41,0,1,Casual,"Casual, Score Attack, Point & Click, Arcade, Sci-fi",0.0,0.0,100.0,1.9,15.2
NULL.Process,3912440,2026-01-28,"Jan 28, 2026",prerelease,past-date prerelease,Morlex Studio,Morlex Studio,1,0,1,0,0,0,0,0,0,1,84780.346820809249,1167.8078884733083985,0.41,0,1,Casual,"Roguelike, Casual, Minimalist, Survival, First-Person",0.0,0.0,100.0,1.9,15.2
Synthetic Orders,4238890,2026-01-12,"Jan 12, 2026",prerelease,past-date prerelease,Ronakgamedev,Ronakgamedev,1,0,1,0,0,0,0,0,0,1,84780.346820809249,1167.8078884733083985,0.41,0,1,Casual,"Casual, Singleplayer, Rhythm, Minimalist, Stylized",0.0,0.0,100.0,1.9,15.2
Moonshot Billiards,4266360,2026-01-14,"Jan 14, 2026",prerelease,past-date prerelease,Ascension Institute,Nekomura Games,1,0,1,0,0,0,0,0,0,1,84780.346820809249,1167.8078884733083985,0.41,0,1,Casual,"Turn-Based Tactics, Casual, Mini Golf, Pool, Arcade",0.0,0.0,100.0,1.9,15.2
Inter-Dimensional Security,4281040,2026-02-05,"Feb 5, 2026",prerelease,past-date prerelease,INNERVISION.Studio,INNERVISION.Studio,1,0,1,0,0,0,0,0,0,1,142651.280062642216,2483.5490293219508086,1.01,10000,3,"Indie, Simulation","Action, 3D, First-Person, Atmospheric, Psychological Horror",0.0,34.2,26.5,1.9,14.4
Snake: Secret Treasure,4048190,2026-03-10,"Mar 10, 2026",prerelease,past-date prerelease,RH POSITIVE,RH POSITIVE,1,0,1,1,0,0,0,0,0,2,84780.346820809249,1167.8078884733083985,0.41,20000,7,Casual,"Casual, Arcade, Puzzle, Sokoban, 2D",19.2,0.0,15.2,32.3,14.1
An Abyss of Dreams,3346520,2026-02-15,"Feb 15, 2026",prerelease,past-date prerelease,Studio Chien d'Or,Studio Chien d'Or,1,0,1,0,0,0,0,0,0,1,156431.715512721482,2590.2038316972961643,1.04,70000,4,"Adventure, Indie","Adventure, Point & Click, Puzzle, Lovecraftian, Horror",0.0,39.9,8.9,1.9,13.5
Individual Invest Tycoon 2,3956440,2026-01-23,"Jan 23, 2026",prerelease,past-date prerelease,chenjd,chenjd,1,0,1,0,0,0,0,0,0,1,143196.889878272577,2366.9632569881476198,1.07,60000,7,"Casual, Early Access, Indie, Simulation","Capitalism, Economy, Simulation, Life Sim, Management",0.0,38.2,6.1,1.9,12.6
ひゃくタイピング,3830720,2026-03-05,"Mar 5, 2026",prerelease,past-date prerelease,Hyakuren Soft,Hyakuren Soft,1,0,1,1,0,0,0,0,0,1,104611.919220959525,1587.2953938382549425,0.58,30000,4,"Casual, Indie","Casual, Typing, Singleplayer, 2D, Female Protagonist",19.2,4.8,14.2,1.9,12.4
A Mystic Journey With : Zephyr,4318050,2026-02-13,"Feb 13, 2026",prerelease,past-date prerelease,Hentai Panda,Hentai Panda,1,0,1,0,0,0,0,0,0,1,104611.919220959525,1587.2953938382549425,0.58,0,48,"Casual, Indie","Casual, Puzzle, Hidden Object, 2D, Anime",0.0,4.8,70.9,1.9,12.3
Waifu Chronicles,4097540,2026-02-05,"Feb 5, 2026",prerelease,past-date prerelease,adDICKtive games,adDICKtive games,1,0,1,0,0,0,0,0,0,1,84780.346820809249,1167.8078884733083985,0.41,0,3,Casual,"Visual Novel, Casual, Puzzle, Dating Sim, Hentai",0.0,0.0,79.6,1.9,12.1
Fate’s Theater,2804100,2026-02-17,"Feb 17, 2026",prerelease,past-date prerelease,Totally Normal Creature,Totally Normal Creature,1,0,1,0,0,0,0,0,0,1,142782.368671618124,2285.3615754510361268,0.88,45000,3,"Casual, Indie, Simulation, Strategy","Dark Comedy, Cute, Multiple Endings, Fantasy, Card Game",0.0,30.3,14.2,1.9,11.4
Art-Therapy: Jigsaw,3508220,2026-03-10,"Mar 10, 2026",prerelease,past-date prerelease,"Double Heart Games, S1im Software","Double Heart Games, S1im Software",1,0,1,1,0,0,0,0,0,1,84780.346820809249,1167.8078884733083985,0.41,20000,5,Casual,"Casual, Puzzle, Tabletop, 2D, Relaxing",19.2,0.0,16.4,1.9,11.3
Pirate Temptation - Naughty Jigsaw,4306250,2026-02-16,"Feb 16, 2026",prerelease,past-date prerelease,Black Hole,Black Hole,1,0,1,0,0,0,0,0,0,1,84780.346820809249,1167.8078884733083985,0.41,0,24,Casual,"Sexual Content, Nudity, Hentai, Casual, NSFW",0.0,0.0,71.9,1.9,11.0
Sweet Kitten,4215850,2026-03-05,"Mar 5, 2026",prerelease,past-date prerelease,King Kong Gaming,King Kong,1,0,1,1,0,0,0,0,0,1,104611.919220959525,1587.2953938382549425,0.58,50000,118,"Casual, Indie","Casual, Puzzle, Point & Click, Clicker, Cute",19.2,4.8,4.5,1.9,11.0
Furry Pirate Jigsaw,4262910,2026-01-12,"Jan 12, 2026",prerelease,past-date prerelease,Black Hole,Black Hole,1,0,1,0,0,0,0,0,0,1,84780.346820809249,1167.8078884733083985,0.41,0,24,Casual,"Sexual Content, Nudity, Hentai, NSFW, Mature",0.0,0.0,71.9,1.9,11.0
THE APARTMENT LIES,4407970,2026-03-16,"Mar 16, 2026",prerelease,past-date prerelease,SIENTURE,SIENTURE,1,0,1,1,0,0,0,0,0,1,104611.919220959525,1587.2953938382549425,0.58,140000,14,"Casual, Indie","Horror, Singleplayer, Interactive Fiction, Puzzle, Dark",19.2,4.8,2.4,1.9,10.6
登咚登,4040550,2026-02-12,"Feb 12, 2026",prerelease,past-date prerelease,Little Studio,"Little Studio, 电子垃圾",1,0,1,0,0,0,0,0,0,1,132547.925948750737,2116.0718506226335757,0.83,20000,9,"Adventure, Casual, Indie","Casual, Adventure, Party-Based RPG, Exploration, Immersive Sim",0.0,23.7,14.4,1.9,9.5
Learning Ladders Demo Disc,4096760,2026-02-05,"Feb 5, 2026",prerelease,past-date prerelease,Pinfall Games,Learning Ladders,1,0,1,0,0,0,0,0,0,1,124443.491621109801,2006.7828992032014864,0.75,10000,7,Indie,"Game Development, Education, Arcade, Casual, Action",0.0,18.0,21.0,1.9,8.7
Hentai Spacegirl,4220470,2026-02-14,"Feb 14, 2026",prerelease,past-date prerelease,Milk Poison,Milk Poison,1,0,1,0,0,0,0,0,0,1,122819.707662491940,2064.0615239570042647,0.84,20000,13,"Casual, Simulation","Casual, Clicker, Simulation, Puzzle, Space",0.0,20.4,13.6,1.9,8.3
Truth Universally Acknowledged - Seasilk Heart,4072110,2026-02-16,"Feb 16, 2026",prerelease,past-date prerelease,ChaseFOX,ChaseFOX,1,0,1,0,0,0,0,0,0,1,123360.968982031227,2044.9686490390700052,0.81,50000,7,"Casual, Indie, Simulation","Casual, Simulation, Dating Sim, Visual Novel, 2D",0.0,18.3,8.2,1.9,6.9
Algorithmically,4186680,2026-01-03,"Jan 3, 2026",prerelease,past-date prerelease,Pipera Games,Pipera Games,1,0,1,0,0,0,0,0,0,1,104611.919220959525,1587.2953938382549425,0.58,10000,2,"Casual, Indie","Software, Logic, Casual, Old School, Programming",0.0,4.8,31.7,1.9,6.4
Nearly Impossible Odds,3900210,2026-01-09,"Jan 9, 2026",prerelease,past-date prerelease,Persimmon Games,Persimmon Games,1,0,1,0,0,0,0,0,0,1,104611.919220959525,1587.2953938382549425,0.58,10000,2,"Casual, Indie","Idler, Pixel Graphics, Singleplayer, Relaxing, Casual",0.0,4.8,31.7,1.9,6.4
Damn Love,4347170,2026-02-11,"Feb 11, 2026",prerelease,past-date prerelease,Stupid games,Stupid games,1,0,1,0,0,0,0,0,0,1,104611.919220959525,1587.2953938382549425,0.58,20000,3,"Casual, Indie","Casual, Visual Novel, Funny, Memes, Multiple Endings",0.0,4.8,20.7,1.9,4.8
Hentai Furry Raccoon,4277940,2026-02-05,"Feb 5, 2026",prerelease,past-date prerelease,Cyber Keks,Cyber Keks,1,0,1,0,0,0,0,0,0,1,104611.919220959525,1587.2953938382549425,0.58,10000,132,"Casual, Indie","Casual, Clicker, Puzzle, Nudity, Female Protagonist",0.0,4.8,16.9,1.9,4.2
Insert Coin: Arcade Party,4259100,2026-02-13,"Feb 13, 2026",prerelease,past-date prerelease,BehaUlas,BehaUlas,1,0,1,0,0,0,0,0,0,1,84780.346820809249,1167.8078884733083985,0.41,20000,4,Casual,"Multiplayer, Party, Funny, Arcade, Casual",0.0,0.0,18.3,1.9,2.9
Sweet Shop,4142090,2026-02-05,"Feb 5, 2026",prerelease,past-date prerelease,King Kong Gaming,King Kong,1,0,1,0,0,0,0,0,0,1,104611.919220959525,1587.2953938382549425,0.58,50000,118,"Casual, Indie","Casual, Puzzle, Point & Click, Clicker, Cute",0.0,4.8,4.5,1.9,2.3
Sweet Valentine,4175720,2026-02-12,"Feb 12, 2026",prerelease,past-date prerelease,King Kong Gaming,King Kong,1,0,1,0,0,0,0,0,0,1,104611.919220959525,1587.2953938382549425,0.58,50000,118,"Casual, Indie","Casual, Puzzle, Point & Click, Clicker, Cute",0.0,4.8,4.5,1.9,2.3
Sweet Cafe,4083550,2026-01-08,"Jan 8, 2026",prerelease,past-date prerelease,King Kong Gaming,King Kong,1,0,1,0,0,0,0,0,0,1,104611.919220959525,1587.2953938382549425,0.58,50000,118,"Casual, Indie","Casual, Puzzle, Point & Click, Sexual Content, Clicker",0.0,4.8,4.5,1.9,2.3
