scope,bucket_granularity,bucket_key,bucket_label,theme,doc_count,bucket_total_docs,doc_share,early_share,late_share,trend_delta
community_announcements,day,2026-03-13,03-13,Launches & Release Timing,43,485,0.0887,0.0992,0.0993,0.0001
community_announcements,day,2026-03-14,03-14,Launches & Release Timing,25236,273032,0.0924,0.0992,0.0993,0.0001
community_announcements,day,2026-03-15,03-15,Launches & Release Timing,27436,306750,0.0894,0.0992,0.0993,0.0001
community_announcements,day,2026-03-16,03-16,Launches & Release Timing,31582,293505,0.1076,0.0992,0.0993,0.0001
community_announcements,day,2026-03-17,03-17,Launches & Release Timing,29074,284009,0.1024,0.0992,0.0993,0.0001
community_announcements,day,2026-03-18,03-18,Launches & Release Timing,1820,16308,0.1116,0.0992,0.0993,0.0001
community_announcements,day,2026-03-19,03-19,Launches & Release Timing,9556,86550,0.1104,0.0992,0.0993,0.0001
community_announcements,day,2026-03-20,03-20,Launches & Release Timing,12827,125734,0.1020,0.0992,0.0993,0.0001
community_announcements,day,2026-03-21,03-21,Launches & Release Timing,156,1580,0.0987,0.0992,0.0993,0.0001
community_announcements,day,2026-03-22,03-22,Launches & Release Timing,112,1153,0.0971,0.0992,0.0993,0.0001
community_announcements,day,2026-03-23,03-23,Launches & Release Timing,332,2779,0.1195,0.0992,0.0993,0.0001
community_announcements,day,2026-03-24,03-24,Launches & Release Timing,297,2600,0.1142,0.0992,0.0993,0.0001
community_announcements,day,2026-03-25,03-25,Launches & Release Timing,547,4740,0.1154,0.0992,0.0993,0.0001
community_announcements,day,2026-03-26,03-26,Launches & Release Timing,4548,40045,0.1136,0.0992,0.0993,0.0001
community_announcements,day,2026-03-27,03-27,Launches & Release Timing,2554,28075,0.0910,0.0992,0.0993,0.0001
community_announcements,day,2026-03-28,03-28,Launches & Release Timing,1034,12585,0.0822,0.0992,0.0993,0.0001
community_announcements,day,2026-03-29,03-29,Launches & Release Timing,5453,69640,0.0783,0.0992,0.0993,0.0001
community_announcements,day,2026-03-30,03-30,Launches & Release Timing,6028,65737,0.0917,0.0992,0.0993,0.0001
community_announcements,day,2026-03-31,03-31,Launches & Release Timing,2498,25796,0.0968,0.0992,0.0993,0.0001
community_announcements,day,2026-04-01,04-01,Launches & Release Timing,354,2988,0.1185,0.0992,0.0993,0.0001
community_announcements,day,2026-04-02,04-02,Launches & Release Timing,298,2149,0.1387,0.0992,0.0993,0.0001
community_announcements,day,2026-04-03,04-03,Launches & Release Timing,251,1895,0.1325,0.0992,0.0993,0.0001
community_announcements,day,2026-04-04,04-04,Launches & Release Timing,209,1158,0.1805,0.0992,0.0993,0.0001
community_announcements,day,2026-04-05,04-05,Launches & Release Timing,109,787,0.1385,0.0992,0.0993,0.0001
community_announcements,day,2026-04-06,04-06,Launches & Release Timing,782,5470,0.1430,0.0992,0.0993,0.0001
community_announcements,day,2026-03-13,03-13,Major Content Updates,32,485,0.0660,0.0485,0.0518,0.0033
community_announcements,day,2026-03-14,03-14,Major Content Updates,13837,273032,0.0507,0.0485,0.0518,0.0033
community_announcements,day,2026-03-15,03-15,Major Content Updates,15710,306750,0.0512,0.0485,0.0518,0.0033
community_announcements,day,2026-03-16,03-16,Major Content Updates,12842,293505,0.0438,0.0485,0.0518,0.0033
community_announcements,day,2026-03-17,03-17,Major Content Updates,13244,284009,0.0466,0.0485,0.0518,0.0033
community_announcements,day,2026-03-18,03-18,Major Content Updates,804,16308,0.0493,0.0485,0.0518,0.0033
community_announcements,day,2026-03-19,03-19,Major Content Updates,4668,86550,0.0539,0.0485,0.0518,0.0033
community_announcements,day,2026-03-20,03-20,Major Content Updates,6166,125734,0.0490,0.0485,0.0518,0.0033
community_announcements,day,2026-03-21,03-21,Major Content Updates,88,1580,0.0557,0.0485,0.0518,0.0033
community_announcements,day,2026-03-22,03-22,Major Content Updates,84,1153,0.0729,0.0485,0.0518,0.0033
community_announcements,day,2026-03-23,03-23,Major Content Updates,169,2779,0.0608,0.0485,0.0518,0.0033
community_announcements,day,2026-03-24,03-24,Major Content Updates,142,2600,0.0546,0.0485,0.0518,0.0033
community_announcements,day,2026-03-25,03-25,Major Content Updates,237,4740,0.0500,0.0485,0.0518,0.0033
community_announcements,day,2026-03-26,03-26,Major Content Updates,1928,40045,0.0481,0.0485,0.0518,0.0033
community_announcements,day,2026-03-27,03-27,Major Content Updates,1553,28075,0.0553,0.0485,0.0518,0.0033
community_announcements,day,2026-03-28,03-28,Major Content Updates,631,12585,0.0501,0.0485,0.0518,0.0033
community_announcements,day,2026-03-29,03-29,Major Content Updates,3732,69640,0.0536,0.0485,0.0518,0.0033
community_announcements,day,2026-03-30,03-30,Major Content Updates,3527,65737,0.0537,0.0485,0.0518,0.0033
community_announcements,day,2026-03-31,03-31,Major Content Updates,1269,25796,0.0492,0.0485,0.0518,0.0033
community_announcements,day,2026-04-01,04-01,Major Content Updates,156,2988,0.0522,0.0485,0.0518,0.0033
community_announcements,day,2026-04-02,04-02,Major Content Updates,123,2149,0.0572,0.0485,0.0518,0.0033
community_announcements,day,2026-04-03,04-03,Major Content Updates,88,1895,0.0464,0.0485,0.0518,0.0033
community_announcements,day,2026-04-04,04-04,Major Content Updates,57,1158,0.0492,0.0485,0.0518,0.0033
community_announcements,day,2026-04-05,04-05,Major Content Updates,37,787,0.0470,0.0485,0.0518,0.0033
community_announcements,day,2026-04-06,04-06,Major Content Updates,235,5470,0.0430,0.0485,0.0518,0.0033
community_announcements,day,2026-03-13,03-13,Patch / Hotfix / Bug Fixes,208,485,0.4289,0.4465,0.5135,0.0670
community_announcements,day,2026-03-14,03-14,Patch / Hotfix / Bug Fixes,121664,273032,0.4456,0.4465,0.5135,0.0670
community_announcements,day,2026-03-15,03-15,Patch / Hotfix / Bug Fixes,147504,306750,0.4809,0.4465,0.5135,0.0670
community_announcements,day,2026-03-16,03-16,Patch / Hotfix / Bug Fixes,114772,293505,0.3910,0.4465,0.5135,0.0670
community_announcements,day,2026-03-17,03-17,Patch / Hotfix / Bug Fixes,123202,284009,0.4338,0.4465,0.5135,0.0670
community_announcements,day,2026-03-18,03-18,Patch / Hotfix / Bug Fixes,7245,16308,0.4443,0.4465,0.5135,0.0670
community_announcements,day,2026-03-19,03-19,Patch / Hotfix / Bug Fixes,41329,86550,0.4775,0.4465,0.5135,0.0670
community_announcements,day,2026-03-20,03-20,Patch / Hotfix / Bug Fixes,63039,125734,0.5014,0.4465,0.5135,0.0670
community_announcements,day,2026-03-21,03-21,Patch / Hotfix / Bug Fixes,932,1580,0.5899,0.4465,0.5135,0.0670
community_announcements,day,2026-03-22,03-22,Patch / Hotfix / Bug Fixes,610,1153,0.5291,0.4465,0.5135,0.0670
community_announcements,day,2026-03-23,03-23,Patch / Hotfix / Bug Fixes,1364,2779,0.4908,0.4465,0.5135,0.0670
community_announcements,day,2026-03-24,03-24,Patch / Hotfix / Bug Fixes,1119,2600,0.4304,0.4465,0.5135,0.0670
community_announcements,day,2026-03-25,03-25,Patch / Hotfix / Bug Fixes,2147,4740,0.4530,0.4465,0.5135,0.0670
community_announcements,day,2026-03-26,03-26,Patch / Hotfix / Bug Fixes,17268,40045,0.4312,0.4465,0.5135,0.0670
community_announcements,day,2026-03-27,03-27,Patch / Hotfix / Bug Fixes,14186,28075,0.5053,0.4465,0.5135,0.0670
community_announcements,day,2026-03-28,03-28,Patch / Hotfix / Bug Fixes,6127,12585,0.4868,0.4465,0.5135,0.0670
community_announcements,day,2026-03-29,03-29,Patch / Hotfix / Bug Fixes,36994,69640,0.5312,0.4465,0.5135,0.0670
community_announcements,day,2026-03-30,03-30,Patch / Hotfix / Bug Fixes,34760,65737,0.5288,0.4465,0.5135,0.0670
community_announcements,day,2026-03-31,03-31,Patch / Hotfix / Bug Fixes,13438,25796,0.5209,0.4465,0.5135,0.0670
community_announcements,day,2026-04-01,04-01,Patch / Hotfix / Bug Fixes,1345,2988,0.4501,0.4465,0.5135,0.0670
community_announcements,day,2026-04-02,04-02,Patch / Hotfix / Bug Fixes,980,2149,0.4560,0.4465,0.5135,0.0670
community_announcements,day,2026-04-03,04-03,Patch / Hotfix / Bug Fixes,855,1895,0.4512,0.4465,0.5135,0.0670
community_announcements,day,2026-04-04,04-04,Patch / Hotfix / Bug Fixes,500,1158,0.4318,0.4465,0.5135,0.0670
community_announcements,day,2026-04-05,04-05,Patch / Hotfix / Bug Fixes,370,787,0.4701,0.4465,0.5135,0.0670
community_announcements,day,2026-04-06,04-06,Patch / Hotfix / Bug Fixes,2168,5470,0.3963,0.4465,0.5135,0.0670
community_announcements,day,2026-03-13,03-13,Discounts / Sales / Promotions,51,485,0.1052,0.1016,0.0392,-0.0624
community_announcements,day,2026-03-14,03-14,Discounts / Sales / Promotions,23705,273032,0.0868,0.1016,0.0392,-0.0624
community_announcements,day,2026-03-15,03-15,Discounts / Sales / Promotions,26947,306750,0.0878,0.1016,0.0392,-0.0624
community_announcements,day,2026-03-16,03-16,Discounts / Sales / Promotions,40330,293505,0.1374,0.1016,0.0392,-0.0624
community_announcements,day,2026-03-17,03-17,Discounts / Sales / Promotions,29124,284009,0.1025,0.1016,0.0392,-0.0624
community_announcements,day,2026-03-18,03-18,Discounts / Sales / Promotions,2037,16308,0.1249,0.1016,0.0392,-0.0624
community_announcements,day,2026-03-19,03-19,Discounts / Sales / Promotions,8672,86550,0.1002,0.1016,0.0392,-0.0624
community_announcements,day,2026-03-20,03-20,Discounts / Sales / Promotions,9953,125734,0.0792,0.1016,0.0392,-0.0624
community_announcements,day,2026-03-21,03-21,Discounts / Sales / Promotions,39,1580,0.0247,0.1016,0.0392,-0.0624
community_announcements,day,2026-03-22,03-22,Discounts / Sales / Promotions,50,1153,0.0434,0.1016,0.0392,-0.0624
community_announcements,day,2026-03-23,03-23,Discounts / Sales / Promotions,113,2779,0.0407,0.1016,0.0392,-0.0624
community_announcements,day,2026-03-24,03-24,Discounts / Sales / Promotions,151,2600,0.0581,0.1016,0.0392,-0.0624
community_announcements,day,2026-03-25,03-25,Discounts / Sales / Promotions,339,4740,0.0715,0.1016,0.0392,-0.0624
community_announcements,day,2026-03-26,03-26,Discounts / Sales / Promotions,5093,40045,0.1272,0.1016,0.0392,-0.0624
community_announcements,day,2026-03-27,03-27,Discounts / Sales / Promotions,2289,28075,0.0815,0.1016,0.0392,-0.0624
community_announcements,day,2026-03-28,03-28,Discounts / Sales / Promotions,1013,12585,0.0805,0.1016,0.0392,-0.0624
community_announcements,day,2026-03-29,03-29,Discounts / Sales / Promotions,2645,69640,0.0380,0.1016,0.0392,-0.0624
community_announcements,day,2026-03-30,03-30,Discounts / Sales / Promotions,1618,65737,0.0246,0.1016,0.0392,-0.0624
community_announcements,day,2026-03-31,03-31,Discounts / Sales / Promotions,957,25796,0.0371,0.1016,0.0392,-0.0624
community_announcements,day,2026-04-01,04-01,Discounts / Sales / Promotions,288,2988,0.0964,0.1016,0.0392,-0.0624
community_announcements,day,2026-04-02,04-02,Discounts / Sales / Promotions,203,2149,0.0945,0.1016,0.0392,-0.0624
community_announcements,day,2026-04-03,04-03,Discounts / Sales / Promotions,219,1895,0.1156,0.1016,0.0392,-0.0624
community_announcements,day,2026-04-04,04-04,Discounts / Sales / Promotions,104,1158,0.0898,0.1016,0.0392,-0.0624
community_announcements,day,2026-04-05,04-05,Discounts / Sales / Promotions,44,787,0.0559,0.1016,0.0392,-0.0624
community_announcements,day,2026-04-06,04-06,Discounts / Sales / Promotions,717,5470,0.1311,0.1016,0.0392,-0.0624
community_announcements,day,2026-03-13,03-13,Events / Seasonal / Anniversary,26,485,0.0536,0.0730,0.0464,-0.0266
community_announcements,day,2026-03-14,03-14,Events / Seasonal / Anniversary,24063,273032,0.0881,0.0730,0.0464,-0.0266
community_announcements,day,2026-03-15,03-15,Events / Seasonal / Anniversary,20380,306750,0.0664,0.0730,0.0464,-0.0266
community_announcements,day,2026-03-16,03-16,Events / Seasonal / Anniversary,21247,293505,0.0724,0.0730,0.0464,-0.0266
community_announcements,day,2026-03-17,03-17,Events / Seasonal / Anniversary,23527,284009,0.0828,0.0730,0.0464,-0.0266
community_announcements,day,2026-03-18,03-18,Events / Seasonal / Anniversary,1044,16308,0.0640,0.0730,0.0464,-0.0266
community_announcements,day,2026-03-19,03-19,Events / Seasonal / Anniversary,5121,86550,0.0592,0.0730,0.0464,-0.0266
community_announcements,day,2026-03-20,03-20,Events / Seasonal / Anniversary,5731,125734,0.0456,0.0730,0.0464,-0.0266
community_announcements,day,2026-03-21,03-21,Events / Seasonal / Anniversary,51,1580,0.0323,0.0730,0.0464,-0.0266
community_announcements,day,2026-03-22,03-22,Events / Seasonal / Anniversary,60,1153,0.0520,0.0730,0.0464,-0.0266
community_announcements,day,2026-03-23,03-23,Events / Seasonal / Anniversary,136,2779,0.0489,0.0730,0.0464,-0.0266
community_announcements,day,2026-03-24,03-24,Events / Seasonal / Anniversary,224,2600,0.0862,0.0730,0.0464,-0.0266
community_announcements,day,2026-03-25,03-25,Events / Seasonal / Anniversary,380,4740,0.0802,0.0730,0.0464,-0.0266
community_announcements,day,2026-03-26,03-26,Events / Seasonal / Anniversary,3115,40045,0.0778,0.0730,0.0464,-0.0266
community_announcements,day,2026-03-27,03-27,Events / Seasonal / Anniversary,1709,28075,0.0609,0.0730,0.0464,-0.0266
community_announcements,day,2026-03-28,03-28,Events / Seasonal / Anniversary,543,12585,0.0431,0.0730,0.0464,-0.0266
community_announcements,day,2026-03-29,03-29,Events / Seasonal / Anniversary,2928,69640,0.0420,0.0730,0.0464,-0.0266
community_announcements,day,2026-03-30,03-30,Events / Seasonal / Anniversary,2982,65737,0.0454,0.0730,0.0464,-0.0266
community_announcements,day,2026-03-31,03-31,Events / Seasonal / Anniversary,1162,25796,0.0450,0.0730,0.0464,-0.0266
community_announcements,day,2026-04-01,04-01,Events / Seasonal / Anniversary,199,2988,0.0666,0.0730,0.0464,-0.0266
community_announcements,day,2026-04-02,04-02,Events / Seasonal / Anniversary,157,2149,0.0731,0.0730,0.0464,-0.0266
community_announcements,day,2026-04-03,04-03,Events / Seasonal / Anniversary,100,1895,0.0528,0.0730,0.0464,-0.0266
community_announcements,day,2026-04-04,04-04,Events / Seasonal / Anniversary,53,1158,0.0458,0.0730,0.0464,-0.0266
community_announcements,day,2026-04-05,04-05,Events / Seasonal / Anniversary,41,787,0.0521,0.0730,0.0464,-0.0266
community_announcements,day,2026-04-06,04-06,Events / Seasonal / Anniversary,220,5470,0.0402,0.0730,0.0464,-0.0266
community_announcements,day,2026-03-13,03-13,DLC / Expansions / Episodes,16,485,0.0330,0.0370,0.0248,-0.0123
community_announcements,day,2026-03-14,03-14,DLC / Expansions / Episodes,12905,273032,0.0473,0.0370,0.0248,-0.0123
community_announcements,day,2026-03-15,03-15,DLC / Expansions / Episodes,11025,306750,0.0359,0.0370,0.0248,-0.0123
community_announcements,day,2026-03-16,03-16,DLC / Expansions / Episodes,10395,293505,0.0354,0.0370,0.0248,-0.0123
community_announcements,day,2026-03-17,03-17,DLC / Expansions / Episodes,10483,284009,0.0369,0.0370,0.0248,-0.0123
community_announcements,day,2026-03-18,03-18,DLC / Expansions / Episodes,439,16308,0.0269,0.0370,0.0248,-0.0123
community_announcements,day,2026-03-19,03-19,DLC / Expansions / Episodes,2962,86550,0.0342,0.0370,0.0248,-0.0123
community_announcements,day,2026-03-20,03-20,DLC / Expansions / Episodes,3126,125734,0.0249,0.0370,0.0248,-0.0123
community_announcements,day,2026-03-21,03-21,DLC / Expansions / Episodes,48,1580,0.0304,0.0370,0.0248,-0.0123
community_announcements,day,2026-03-22,03-22,DLC / Expansions / Episodes,29,1153,0.0252,0.0370,0.0248,-0.0123
community_announcements,day,2026-03-23,03-23,DLC / Expansions / Episodes,107,2779,0.0385,0.0370,0.0248,-0.0123
community_announcements,day,2026-03-24,03-24,DLC / Expansions / Episodes,62,2600,0.0238,0.0370,0.0248,-0.0123
community_announcements,day,2026-03-25,03-25,DLC / Expansions / Episodes,185,4740,0.0390,0.0370,0.0248,-0.0123
community_announcements,day,2026-03-26,03-26,DLC / Expansions / Episodes,1518,40045,0.0379,0.0370,0.0248,-0.0123
community_announcements,day,2026-03-27,03-27,DLC / Expansions / Episodes,897,28075,0.0320,0.0370,0.0248,-0.0123
community_announcements,day,2026-03-28,03-28,DLC / Expansions / Episodes,318,12585,0.0253,0.0370,0.0248,-0.0123
community_announcements,day,2026-03-29,03-29,DLC / Expansions / Episodes,1593,69640,0.0229,0.0370,0.0248,-0.0123
community_announcements,day,2026-03-30,03-30,DLC / Expansions / Episodes,1491,65737,0.0227,0.0370,0.0248,-0.0123
community_announcements,day,2026-03-31,03-31,DLC / Expansions / Episodes,700,25796,0.0271,0.0370,0.0248,-0.0123
community_announcements,day,2026-04-01,04-01,DLC / Expansions / Episodes,90,2988,0.0301,0.0370,0.0248,-0.0123
community_announcements,day,2026-04-02,04-02,DLC / Expansions / Episodes,85,2149,0.0396,0.0370,0.0248,-0.0123
community_announcements,day,2026-04-03,04-03,DLC / Expansions / Episodes,57,1895,0.0301,0.0370,0.0248,-0.0123
community_announcements,day,2026-04-04,04-04,DLC / Expansions / Episodes,29,1158,0.0250,0.0370,0.0248,-0.0123
community_announcements,day,2026-04-05,04-05,DLC / Expansions / Episodes,14,787,0.0178,0.0370,0.0248,-0.0123
community_announcements,day,2026-04-06,04-06,DLC / Expansions / Episodes,158,5470,0.0289,0.0370,0.0248,-0.0123
community_announcements,day,2026-03-13,03-13,Servers / Maintenance / Downtime / Apologies,29,485,0.0598,0.1024,0.0921,-0.0103
community_announcements,day,2026-03-14,03-14,Servers / Maintenance / Downtime / Apologies,33601,273032,0.1231,0.1024,0.0921,-0.0103
community_announcements,day,2026-03-15,03-15,Servers / Maintenance / Downtime / Apologies,33069,306750,0.1078,0.1024,0.0921,-0.0103
community_announcements,day,2026-03-16,03-16,Servers / Maintenance / Downtime / Apologies,23854,293505,0.0813,0.1024,0.0921,-0.0103
community_announcements,day,2026-03-17,03-17,Servers / Maintenance / Downtime / Apologies,29936,284009,0.1054,0.1024,0.0921,-0.0103
community_announcements,day,2026-03-18,03-18,Servers / Maintenance / Downtime / Apologies,1429,16308,0.0876,0.1024,0.0921,-0.0103
community_announcements,day,2026-03-19,03-19,Servers / Maintenance / Downtime / Apologies,8352,86550,0.0965,0.1024,0.0921,-0.0103
community_announcements,day,2026-03-20,03-20,Servers / Maintenance / Downtime / Apologies,11751,125734,0.0935,0.1024,0.0921,-0.0103
community_announcements,day,2026-03-21,03-21,Servers / Maintenance / Downtime / Apologies,174,1580,0.1101,0.1024,0.0921,-0.0103
community_announcements,day,2026-03-22,03-22,Servers / Maintenance / Downtime / Apologies,101,1153,0.0876,0.1024,0.0921,-0.0103
community_announcements,day,2026-03-23,03-23,Servers / Maintenance / Downtime / Apologies,310,2779,0.1116,0.1024,0.0921,-0.0103
community_announcements,day,2026-03-24,03-24,Servers / Maintenance / Downtime / Apologies,217,2600,0.0835,0.1024,0.0921,-0.0103
community_announcements,day,2026-03-25,03-25,Servers / Maintenance / Downtime / Apologies,543,4740,0.1146,0.1024,0.0921,-0.0103
community_announcements,day,2026-03-26,03-26,Servers / Maintenance / Downtime / Apologies,4128,40045,0.1031,0.1024,0.0921,-0.0103
community_announcements,day,2026-03-27,03-27,Servers / Maintenance / Downtime / Apologies,3180,28075,0.1133,0.1024,0.0921,-0.0103
community_announcements,day,2026-03-28,03-28,Servers / Maintenance / Downtime / Apologies,1228,12585,0.0976,0.1024,0.0921,-0.0103
community_announcements,day,2026-03-29,03-29,Servers / Maintenance / Downtime / Apologies,5667,69640,0.0814,0.1024,0.0921,-0.0103
community_announcements,day,2026-03-30,03-30,Servers / Maintenance / Downtime / Apologies,6067,65737,0.0923,0.1024,0.0921,-0.0103
community_announcements,day,2026-03-31,03-31,Servers / Maintenance / Downtime / Apologies,2397,25796,0.0929,0.1024,0.0921,-0.0103
community_announcements,day,2026-04-01,04-01,Servers / Maintenance / Downtime / Apologies,317,2988,0.1061,0.1024,0.0921,-0.0103
community_announcements,day,2026-04-02,04-02,Servers / Maintenance / Downtime / Apologies,215,2149,0.1000,0.1024,0.0921,-0.0103
community_announcements,day,2026-04-03,04-03,Servers / Maintenance / Downtime / Apologies,201,1895,0.1061,0.1024,0.0921,-0.0103
community_announcements,day,2026-04-04,04-04,Servers / Maintenance / Downtime / Apologies,100,1158,0.0864,0.1024,0.0921,-0.0103
community_announcements,day,2026-04-05,04-05,Servers / Maintenance / Downtime / Apologies,77,787,0.0978,0.1024,0.0921,-0.0103
community_announcements,day,2026-04-06,04-06,Servers / Maintenance / Downtime / Apologies,387,5470,0.0707,0.1024,0.0921,-0.0103
community_announcements,day,2026-03-13,03-13,Roadmaps / Devlogs / Feature Previews,10,485,0.0206,0.0280,0.0396,0.0117
community_announcements,day,2026-03-14,03-14,Roadmaps / Devlogs / Feature Previews,6970,273032,0.0255,0.0280,0.0396,0.0117
community_announcements,day,2026-03-15,03-15,Roadmaps / Devlogs / Feature Previews,8559,306750,0.0279,0.0280,0.0396,0.0117
community_announcements,day,2026-03-16,03-16,Roadmaps / Devlogs / Feature Previews,8661,293505,0.0295,0.0280,0.0396,0.0117
community_announcements,day,2026-03-17,03-17,Roadmaps / Devlogs / Feature Previews,9314,284009,0.0328,0.0280,0.0396,0.0117
community_announcements,day,2026-03-18,03-18,Roadmaps / Devlogs / Feature Previews,475,16308,0.0291,0.0280,0.0396,0.0117
community_announcements,day,2026-03-19,03-19,Roadmaps / Devlogs / Feature Previews,2160,86550,0.0250,0.0280,0.0396,0.0117
community_announcements,day,2026-03-20,03-20,Roadmaps / Devlogs / Feature Previews,2603,125734,0.0207,0.0280,0.0396,0.0117
community_announcements,day,2026-03-21,03-21,Roadmaps / Devlogs / Feature Previews,62,1580,0.0392,0.0280,0.0396,0.0117
community_announcements,day,2026-03-22,03-22,Roadmaps / Devlogs / Feature Previews,34,1153,0.0295,0.0280,0.0396,0.0117
community_announcements,day,2026-03-23,03-23,Roadmaps / Devlogs / Feature Previews,127,2779,0.0457,0.0280,0.0396,0.0117
community_announcements,day,2026-03-24,03-24,Roadmaps / Devlogs / Feature Previews,122,2600,0.0469,0.0280,0.0396,0.0117
community_announcements,day,2026-03-25,03-25,Roadmaps / Devlogs / Feature Previews,204,4740,0.0430,0.0280,0.0396,0.0117
community_announcements,day,2026-03-26,03-26,Roadmaps / Devlogs / Feature Previews,793,40045,0.0198,0.0280,0.0396,0.0117
community_announcements,day,2026-03-27,03-27,Roadmaps / Devlogs / Feature Previews,482,28075,0.0172,0.0280,0.0396,0.0117
community_announcements,day,2026-03-28,03-28,Roadmaps / Devlogs / Feature Previews,224,12585,0.0178,0.0280,0.0396,0.0117
community_announcements,day,2026-03-29,03-29,Roadmaps / Devlogs / Feature Previews,2574,69640,0.0370,0.0280,0.0396,0.0117
community_announcements,day,2026-03-30,03-30,Roadmaps / Devlogs / Feature Previews,2821,65737,0.0429,0.0280,0.0396,0.0117
community_announcements,day,2026-03-31,03-31,Roadmaps / Devlogs / Feature Previews,1070,25796,0.0415,0.0280,0.0396,0.0117
community_announcements,day,2026-04-01,04-01,Roadmaps / Devlogs / Feature Previews,80,2988,0.0268,0.0280,0.0396,0.0117
community_announcements,day,2026-04-02,04-02,Roadmaps / Devlogs / Feature Previews,70,2149,0.0326,0.0280,0.0396,0.0117
community_announcements,day,2026-04-03,04-03,Roadmaps / Devlogs / Feature Previews,47,1895,0.0248,0.0280,0.0396,0.0117
community_announcements,day,2026-04-04,04-04,Roadmaps / Devlogs / Feature Previews,25,1158,0.0216,0.0280,0.0396,0.0117
community_announcements,day,2026-04-05,04-05,Roadmaps / Devlogs / Feature Previews,18,787,0.0229,0.0280,0.0396,0.0117
community_announcements,day,2026-04-06,04-06,Roadmaps / Devlogs / Feature Previews,68,5470,0.0124,0.0280,0.0396,0.0117
community_announcements,day,2026-03-13,03-13,Balance / Characters / Items / Meta Changes,45,485,0.0928,0.0599,0.0667,0.0068
community_announcements,day,2026-03-14,03-14,Balance / Characters / Items / Meta Changes,17071,273032,0.0625,0.0599,0.0667,0.0068
community_announcements,day,2026-03-15,03-15,Balance / Characters / Items / Meta Changes,17952,306750,0.0585,0.0599,0.0667,0.0068
community_announcements,day,2026-03-16,03-16,Balance / Characters / Items / Meta Changes,16450,293505,0.0560,0.0599,0.0667,0.0068
community_announcements,day,2026-03-17,03-17,Balance / Characters / Items / Meta Changes,17350,284009,0.0611,0.0599,0.0667,0.0068
community_announcements,day,2026-03-18,03-18,Balance / Characters / Items / Meta Changes,928,16308,0.0569,0.0599,0.0667,0.0068
community_announcements,day,2026-03-19,03-19,Balance / Characters / Items / Meta Changes,4952,86550,0.0572,0.0599,0.0667,0.0068
community_announcements,day,2026-03-20,03-20,Balance / Characters / Items / Meta Changes,8309,125734,0.0661,0.0599,0.0667,0.0068
community_announcements,day,2026-03-21,03-21,Balance / Characters / Items / Meta Changes,105,1580,0.0665,0.0599,0.0667,0.0068
community_announcements,day,2026-03-22,03-22,Balance / Characters / Items / Meta Changes,95,1153,0.0824,0.0599,0.0667,0.0068
community_announcements,day,2026-03-23,03-23,Balance / Characters / Items / Meta Changes,167,2779,0.0601,0.0599,0.0667,0.0068
community_announcements,day,2026-03-24,03-24,Balance / Characters / Items / Meta Changes,118,2600,0.0454,0.0599,0.0667,0.0068
community_announcements,day,2026-03-25,03-25,Balance / Characters / Items / Meta Changes,305,4740,0.0643,0.0599,0.0667,0.0068
community_announcements,day,2026-03-26,03-26,Balance / Characters / Items / Meta Changes,2060,40045,0.0514,0.0599,0.0667,0.0068
community_announcements,day,2026-03-27,03-27,Balance / Characters / Items / Meta Changes,1646,28075,0.0586,0.0599,0.0667,0.0068
community_announcements,day,2026-03-28,03-28,Balance / Characters / Items / Meta Changes,612,12585,0.0486,0.0599,0.0667,0.0068
community_announcements,day,2026-03-29,03-29,Balance / Characters / Items / Meta Changes,4654,69640,0.0668,0.0599,0.0667,0.0068
community_announcements,day,2026-03-30,03-30,Balance / Characters / Items / Meta Changes,4566,65737,0.0695,0.0599,0.0667,0.0068
community_announcements,day,2026-03-31,03-31,Balance / Characters / Items / Meta Changes,1726,25796,0.0669,0.0599,0.0667,0.0068
community_announcements,day,2026-04-01,04-01,Balance / Characters / Items / Meta Changes,201,2988,0.0673,0.0599,0.0667,0.0068
community_announcements,day,2026-04-02,04-02,Balance / Characters / Items / Meta Changes,146,2149,0.0679,0.0599,0.0667,0.0068
community_announcements,day,2026-04-03,04-03,Balance / Characters / Items / Meta Changes,95,1895,0.0501,0.0599,0.0667,0.0068
community_announcements,day,2026-04-04,04-04,Balance / Characters / Items / Meta Changes,53,1158,0.0458,0.0599,0.0667,0.0068
community_announcements,day,2026-04-05,04-05,Balance / Characters / Items / Meta Changes,45,787,0.0572,0.0599,0.0667,0.0068
community_announcements,day,2026-04-06,04-06,Balance / Characters / Items / Meta Changes,238,5470,0.0435,0.0599,0.0667,0.0068
community_announcements,day,2026-03-13,03-13,Platform / Account / Crossplay / Technical Changes,13,485,0.0268,0.0300,0.0295,-0.0005
community_announcements,day,2026-03-14,03-14,Platform / Account / Crossplay / Technical Changes,10764,273032,0.0394,0.0300,0.0295,-0.0005
community_announcements,day,2026-03-15,03-15,Platform / Account / Crossplay / Technical Changes,10421,306750,0.0340,0.0300,0.0295,-0.0005
community_announcements,day,2026-03-16,03-16,Platform / Account / Crossplay / Technical Changes,6818,293505,0.0232,0.0300,0.0295,-0.0005
community_announcements,day,2026-03-17,03-17,Platform / Account / Crossplay / Technical Changes,6660,284009,0.0234,0.0300,0.0295,-0.0005
community_announcements,day,2026-03-18,03-18,Platform / Account / Crossplay / Technical Changes,473,16308,0.0290,0.0300,0.0295,-0.0005
community_announcements,day,2026-03-19,03-19,Platform / Account / Crossplay / Technical Changes,2763,86550,0.0319,0.0300,0.0295,-0.0005
community_announcements,day,2026-03-20,03-20,Platform / Account / Crossplay / Technical Changes,3654,125734,0.0291,0.0300,0.0295,-0.0005
community_announcements,day,2026-03-21,03-21,Platform / Account / Crossplay / Technical Changes,62,1580,0.0392,0.0300,0.0295,-0.0005
community_announcements,day,2026-03-22,03-22,Platform / Account / Crossplay / Technical Changes,39,1153,0.0338,0.0300,0.0295,-0.0005
community_announcements,day,2026-03-23,03-23,Platform / Account / Crossplay / Technical Changes,85,2779,0.0306,0.0300,0.0295,-0.0005
community_announcements,day,2026-03-24,03-24,Platform / Account / Crossplay / Technical Changes,80,2600,0.0308,0.0300,0.0295,-0.0005
community_announcements,day,2026-03-25,03-25,Platform / Account / Crossplay / Technical Changes,116,4740,0.0245,0.0300,0.0295,-0.0005
community_announcements,day,2026-03-26,03-26,Platform / Account / Crossplay / Technical Changes,1366,40045,0.0341,0.0300,0.0295,-0.0005
community_announcements,day,2026-03-27,03-27,Platform / Account / Crossplay / Technical Changes,969,28075,0.0345,0.0300,0.0295,-0.0005
community_announcements,day,2026-03-28,03-28,Platform / Account / Crossplay / Technical Changes,580,12585,0.0461,0.0300,0.0295,-0.0005
community_announcements,day,2026-03-29,03-29,Platform / Account / Crossplay / Technical Changes,2039,69640,0.0293,0.0300,0.0295,-0.0005
community_announcements,day,2026-03-30,03-30,Platform / Account / Crossplay / Technical Changes,1789,65737,0.0272,0.0300,0.0295,-0.0005
community_announcements,day,2026-03-31,03-31,Platform / Account / Crossplay / Technical Changes,862,25796,0.0334,0.0300,0.0295,-0.0005
community_announcements,day,2026-04-01,04-01,Platform / Account / Crossplay / Technical Changes,72,2988,0.0241,0.0300,0.0295,-0.0005
community_announcements,day,2026-04-02,04-02,Platform / Account / Crossplay / Technical Changes,64,2149,0.0298,0.0300,0.0295,-0.0005
community_announcements,day,2026-04-03,04-03,Platform / Account / Crossplay / Technical Changes,84,1895,0.0443,0.0300,0.0295,-0.0005
community_announcements,day,2026-04-04,04-04,Platform / Account / Crossplay / Technical Changes,35,1158,0.0302,0.0300,0.0295,-0.0005
community_announcements,day,2026-04-05,04-05,Platform / Account / Crossplay / Technical Changes,24,787,0.0305,0.0300,0.0295,-0.0005
community_announcements,day,2026-04-06,04-06,Platform / Account / Crossplay / Technical Changes,196,5470,0.0358,0.0300,0.0295,-0.0005
community_announcements,day,2026-03-13,03-13,Monetization / Store / Pass / Currency,2,485,0.0041,0.0098,0.0101,0.0003
community_announcements,day,2026-03-14,03-14,Monetization / Store / Pass / Currency,3792,273032,0.0139,0.0098,0.0101,0.0003
community_announcements,day,2026-03-15,03-15,Monetization / Store / Pass / Currency,2407,306750,0.0078,0.0098,0.0101,0.0003
community_announcements,day,2026-03-16,03-16,Monetization / Store / Pass / Currency,2520,293505,0.0086,0.0098,0.0101,0.0003
community_announcements,day,2026-03-17,03-17,Monetization / Store / Pass / Currency,2771,284009,0.0098,0.0098,0.0101,0.0003
community_announcements,day,2026-03-18,03-18,Monetization / Store / Pass / Currency,185,16308,0.0113,0.0098,0.0101,0.0003
community_announcements,day,2026-03-19,03-19,Monetization / Store / Pass / Currency,686,86550,0.0079,0.0098,0.0101,0.0003
community_announcements,day,2026-03-20,03-20,Monetization / Store / Pass / Currency,1186,125734,0.0094,0.0098,0.0101,0.0003
community_announcements,day,2026-03-21,03-21,Monetization / Store / Pass / Currency,11,1580,0.0070,0.0098,0.0101,0.0003
community_announcements,day,2026-03-22,03-22,Monetization / Store / Pass / Currency,10,1153,0.0087,0.0098,0.0101,0.0003
community_announcements,day,2026-03-23,03-23,Monetization / Store / Pass / Currency,21,2779,0.0076,0.0098,0.0101,0.0003
community_announcements,day,2026-03-24,03-24,Monetization / Store / Pass / Currency,39,2600,0.0150,0.0098,0.0101,0.0003
community_announcements,day,2026-03-25,03-25,Monetization / Store / Pass / Currency,59,4740,0.0124,0.0098,0.0101,0.0003
community_announcements,day,2026-03-26,03-26,Monetization / Store / Pass / Currency,418,40045,0.0104,0.0098,0.0101,0.0003
community_announcements,day,2026-03-27,03-27,Monetization / Store / Pass / Currency,346,28075,0.0123,0.0098,0.0101,0.0003
community_announcements,day,2026-03-28,03-28,Monetization / Store / Pass / Currency,121,12585,0.0096,0.0098,0.0101,0.0003
community_announcements,day,2026-03-29,03-29,Monetization / Store / Pass / Currency,592,69640,0.0085,0.0098,0.0101,0.0003
community_announcements,day,2026-03-30,03-30,Monetization / Store / Pass / Currency,679,65737,0.0103,0.0098,0.0101,0.0003
community_announcements,day,2026-03-31,03-31,Monetization / Store / Pass / Currency,248,25796,0.0096,0.0098,0.0101,0.0003
community_announcements,day,2026-04-01,04-01,Monetization / Store / Pass / Currency,43,2988,0.0144,0.0098,0.0101,0.0003
community_announcements,day,2026-04-02,04-02,Monetization / Store / Pass / Currency,20,2149,0.0093,0.0098,0.0101,0.0003
community_announcements,day,2026-04-03,04-03,Monetization / Store / Pass / Currency,19,1895,0.0100,0.0098,0.0101,0.0003
community_announcements,day,2026-04-04,04-04,Monetization / Store / Pass / Currency,13,1158,0.0112,0.0098,0.0101,0.0003
community_announcements,day,2026-04-05,04-05,Monetization / Store / Pass / Currency,10,787,0.0127,0.0098,0.0101,0.0003
community_announcements,day,2026-04-06,04-06,Monetization / Store / Pass / Currency,38,5470,0.0069,0.0098,0.0101,0.0003
community_announcements,day,2026-03-13,03-13,Community / Creator / Social / UGC,26,485,0.0536,0.0616,0.0721,0.0105
community_announcements,day,2026-03-14,03-14,Community / Creator / Social / UGC,16328,273032,0.0598,0.0616,0.0721,0.0105
community_announcements,day,2026-03-15,03-15,Community / Creator / Social / UGC,19705,306750,0.0642,0.0616,0.0721,0.0105
community_announcements,day,2026-03-16,03-16,Community / Creator / Social / UGC,18468,293505,0.0629,0.0616,0.0721,0.0105
community_announcements,day,2026-03-17,03-17,Community / Creator / Social / UGC,17293,284009,0.0609,0.0616,0.0721,0.0105
community_announcements,day,2026-03-18,03-18,Community / Creator / Social / UGC,1014,16308,0.0622,0.0616,0.0721,0.0105
community_announcements,day,2026-03-19,03-19,Community / Creator / Social / UGC,5405,86550,0.0624,0.0616,0.0721,0.0105
community_announcements,day,2026-03-20,03-20,Community / Creator / Social / UGC,7176,125734,0.0571,0.0616,0.0721,0.0105
community_announcements,day,2026-03-21,03-21,Community / Creator / Social / UGC,108,1580,0.0684,0.0616,0.0721,0.0105
community_announcements,day,2026-03-22,03-22,Community / Creator / Social / UGC,83,1153,0.0720,0.0616,0.0721,0.0105
community_announcements,day,2026-03-23,03-23,Community / Creator / Social / UGC,256,2779,0.0921,0.0616,0.0721,0.0105
community_announcements,day,2026-03-24,03-24,Community / Creator / Social / UGC,172,2600,0.0662,0.0616,0.0721,0.0105
community_announcements,day,2026-03-25,03-25,Community / Creator / Social / UGC,339,4740,0.0715,0.0616,0.0721,0.0105
community_announcements,day,2026-03-26,03-26,Community / Creator / Social / UGC,2339,40045,0.0584,0.0616,0.0721,0.0105
community_announcements,day,2026-03-27,03-27,Community / Creator / Social / UGC,1589,28075,0.0566,0.0616,0.0721,0.0105
community_announcements,day,2026-03-28,03-28,Community / Creator / Social / UGC,784,12585,0.0623,0.0616,0.0721,0.0105
community_announcements,day,2026-03-29,03-29,Community / Creator / Social / UGC,4037,69640,0.0580,0.0616,0.0721,0.0105
community_announcements,day,2026-03-30,03-30,Community / Creator / Social / UGC,4818,65737,0.0733,0.0616,0.0721,0.0105
community_announcements,day,2026-03-31,03-31,Community / Creator / Social / UGC,1914,25796,0.0742,0.0616,0.0721,0.0105
community_announcements,day,2026-04-01,04-01,Community / Creator / Social / UGC,215,2988,0.0720,0.0616,0.0721,0.0105
community_announcements,day,2026-04-02,04-02,Community / Creator / Social / UGC,163,2149,0.0758,0.0616,0.0721,0.0105
community_announcements,day,2026-04-03,04-03,Community / Creator / Social / UGC,126,1895,0.0665,0.0616,0.0721,0.0105
community_announcements,day,2026-04-04,04-04,Community / Creator / Social / UGC,95,1158,0.0820,0.0616,0.0721,0.0105
community_announcements,day,2026-04-05,04-05,Community / Creator / Social / UGC,65,787,0.0826,0.0616,0.0721,0.0105
community_announcements,day,2026-04-06,04-06,Community / Creator / Social / UGC,248,5470,0.0453,0.0616,0.0721,0.0105
community_announcements,day,2026-03-13,03-13,Partnerships / Crossovers / IP Collaborations,13,485,0.0268,0.0235,0.0192,-0.0043
community_announcements,day,2026-03-14,03-14,Partnerships / Crossovers / IP Collaborations,7155,273032,0.0262,0.0235,0.0192,-0.0043
community_announcements,day,2026-03-15,03-15,Partnerships / Crossovers / IP Collaborations,6894,306750,0.0225,0.0235,0.0192,-0.0043
community_announcements,day,2026-03-16,03-16,Partnerships / Crossovers / IP Collaborations,6873,293505,0.0234,0.0235,0.0192,-0.0043
community_announcements,day,2026-03-17,03-17,Partnerships / Crossovers / IP Collaborations,6785,284009,0.0239,0.0235,0.0192,-0.0043
community_announcements,day,2026-03-18,03-18,Partnerships / Crossovers / IP Collaborations,414,16308,0.0254,0.0235,0.0192,-0.0043
community_announcements,day,2026-03-19,03-19,Partnerships / Crossovers / IP Collaborations,2101,86550,0.0243,0.0235,0.0192,-0.0043
community_announcements,day,2026-03-20,03-20,Partnerships / Crossovers / IP Collaborations,2359,125734,0.0188,0.0235,0.0192,-0.0043
community_announcements,day,2026-03-21,03-21,Partnerships / Crossovers / IP Collaborations,19,1580,0.0120,0.0235,0.0192,-0.0043
community_announcements,day,2026-03-22,03-22,Partnerships / Crossovers / IP Collaborations,25,1153,0.0217,0.0235,0.0192,-0.0043
community_announcements,day,2026-03-23,03-23,Partnerships / Crossovers / IP Collaborations,57,2779,0.0205,0.0235,0.0192,-0.0043
community_announcements,day,2026-03-24,03-24,Partnerships / Crossovers / IP Collaborations,59,2600,0.0227,0.0235,0.0192,-0.0043
community_announcements,day,2026-03-25,03-25,Partnerships / Crossovers / IP Collaborations,131,4740,0.0276,0.0235,0.0192,-0.0043
community_announcements,day,2026-03-26,03-26,Partnerships / Crossovers / IP Collaborations,1188,40045,0.0297,0.0235,0.0192,-0.0043
community_announcements,day,2026-03-27,03-27,Partnerships / Crossovers / IP Collaborations,663,28075,0.0236,0.0235,0.0192,-0.0043
community_announcements,day,2026-03-28,03-28,Partnerships / Crossovers / IP Collaborations,233,12585,0.0185,0.0235,0.0192,-0.0043
community_announcements,day,2026-03-29,03-29,Partnerships / Crossovers / IP Collaborations,1092,69640,0.0157,0.0235,0.0192,-0.0043
community_announcements,day,2026-03-30,03-30,Partnerships / Crossovers / IP Collaborations,1235,65737,0.0188,0.0235,0.0192,-0.0043
community_announcements,day,2026-03-31,03-31,Partnerships / Crossovers / IP Collaborations,475,25796,0.0184,0.0235,0.0192,-0.0043
community_announcements,day,2026-04-01,04-01,Partnerships / Crossovers / IP Collaborations,63,2988,0.0211,0.0235,0.0192,-0.0043
community_announcements,day,2026-04-02,04-02,Partnerships / Crossovers / IP Collaborations,50,2149,0.0233,0.0235,0.0192,-0.0043
community_announcements,day,2026-04-03,04-03,Partnerships / Crossovers / IP Collaborations,42,1895,0.0222,0.0235,0.0192,-0.0043
community_announcements,day,2026-04-04,04-04,Partnerships / Crossovers / IP Collaborations,13,1158,0.0112,0.0235,0.0192,-0.0043
community_announcements,day,2026-04-05,04-05,Partnerships / Crossovers / IP Collaborations,13,787,0.0165,0.0235,0.0192,-0.0043
community_announcements,day,2026-04-06,04-06,Partnerships / Crossovers / IP Collaborations,141,5470,0.0258,0.0235,0.0192,-0.0043
community_announcements,day,2026-03-13,03-13,Other,147,485,0.3031,0.2559,0.2618,0.0059
community_announcements,day,2026-03-14,03-14,Other,67958,273032,0.2489,0.2559,0.2618,0.0059
community_announcements,day,2026-03-15,03-15,Other,76800,306750,0.2504,0.2559,0.2618,0.0059
community_announcements,day,2026-03-16,03-16,Other,79608,293505,0.2712,0.2559,0.2618,0.0059
community_announcements,day,2026-03-17,03-17,Other,72200,284009,0.2542,0.2559,0.2618,0.0059
community_announcements,day,2026-03-18,03-18,Other,4061,16308,0.2490,0.2559,0.2618,0.0059
community_announcements,day,2026-03-19,03-19,Other,21365,86550,0.2469,0.2559,0.2618,0.0059
community_announcements,day,2026-03-20,03-20,Other,32666,125734,0.2598,0.2559,0.2618,0.0059
community_announcements,day,2026-03-21,03-21,Other,332,1580,0.2101,0.2559,0.2618,0.0059
community_announcements,day,2026-03-22,03-22,Other,277,1153,0.2402,0.2559,0.2618,0.0059
community_announcements,day,2026-03-23,03-23,Other,677,2779,0.2436,0.2559,0.2618,0.0059
community_announcements,day,2026-03-24,03-24,Other,748,2600,0.2877,0.2559,0.2618,0.0059
community_announcements,day,2026-03-25,03-25,Other,1121,4740,0.2365,0.2559,0.2618,0.0059
community_announcements,day,2026-03-26,03-26,Other,9827,40045,0.2454,0.2559,0.2618,0.0059
community_announcements,day,2026-03-27,03-27,Other,7016,28075,0.2499,0.2559,0.2618,0.0059
community_announcements,day,2026-03-28,03-28,Other,3493,12585,0.2776,0.2559,0.2618,0.0059
community_announcements,day,2026-03-29,03-29,Other,18710,69640,0.2687,0.2559,0.2618,0.0059
community_announcements,day,2026-03-30,03-30,Other,17323,65737,0.2635,0.2559,0.2618,0.0059
community_announcements,day,2026-03-31,03-31,Other,6632,25796,0.2571,0.2559,0.2618,0.0059
community_announcements,day,2026-04-01,04-01,Other,724,2988,0.2423,0.2559,0.2618,0.0059
community_announcements,day,2026-04-02,04-02,Other,512,2149,0.2383,0.2559,0.2618,0.0059
community_announcements,day,2026-04-03,04-03,Other,457,1895,0.2412,0.2559,0.2618,0.0059
community_announcements,day,2026-04-04,04-04,Other,292,1158,0.2522,0.2559,0.2618,0.0059
community_announcements,day,2026-04-05,04-05,Other,219,787,0.2783,0.2559,0.2618,0.0059
community_announcements,day,2026-04-06,04-06,Other,1584,5470,0.2896,0.2559,0.2618,0.0059
external_coverage,day,2026-03-13,03-13,Launches & Release Timing,1,2,0.5000,0.0844,0.0587,-0.0257
external_coverage,day,2026-03-14,03-14,Launches & Release Timing,2347,36258,0.0647,0.0844,0.0587,-0.0257
external_coverage,day,2026-03-15,03-15,Launches & Release Timing,1505,15117,0.0996,0.0844,0.0587,-0.0257
external_coverage,day,2026-03-16,03-16,Launches & Release Timing,1459,14915,0.0978,0.0844,0.0587,-0.0257
external_coverage,day,2026-03-17,03-17,Launches & Release Timing,1050,10057,0.1044,0.0844,0.0587,-0.0257
external_coverage,day,2026-03-18,03-18,Launches & Release Timing,21,244,0.0861,0.0844,0.0587,-0.0257
external_coverage,day,2026-03-19,03-19,Launches & Release Timing,170,1335,0.1273,0.0844,0.0587,-0.0257
external_coverage,day,2026-03-20,03-20,Launches & Release Timing,72,571,0.1261,0.0844,0.0587,-0.0257
external_coverage,day,2026-03-21,03-21,Launches & Release Timing,1,11,0.0909,0.0844,0.0587,-0.0257
external_coverage,day,2026-03-22,03-22,Launches & Release Timing,1,6,0.1667,0.0844,0.0587,-0.0257
external_coverage,day,2026-03-23,03-23,Launches & Release Timing,19,99,0.1919,0.0844,0.0587,-0.0257
external_coverage,day,2026-03-24,03-24,Launches & Release Timing,2,41,0.0488,0.0844,0.0587,-0.0257
external_coverage,day,2026-03-25,03-25,Launches & Release Timing,16,184,0.0870,0.0844,0.0587,-0.0257
external_coverage,day,2026-03-26,03-26,Launches & Release Timing,90,1546,0.0582,0.0844,0.0587,-0.0257
external_coverage,day,2026-03-27,03-27,Launches & Release Timing,28,361,0.0776,0.0844,0.0587,-0.0257
external_coverage,day,2026-03-28,03-28,Launches & Release Timing,17,381,0.0446,0.0844,0.0587,-0.0257
external_coverage,day,2026-03-29,03-29,Launches & Release Timing,37,390,0.0949,0.0844,0.0587,-0.0257
external_coverage,day,2026-03-30,03-30,Launches & Release Timing,23,407,0.0565,0.0844,0.0587,-0.0257
external_coverage,day,2026-03-31,03-31,Launches & Release Timing,15,275,0.0545,0.0844,0.0587,-0.0257
external_coverage,day,2026-04-01,04-01,Launches & Release Timing,6,93,0.0645,0.0844,0.0587,-0.0257
external_coverage,day,2026-04-02,04-02,Launches & Release Timing,5,94,0.0532,0.0844,0.0587,-0.0257
external_coverage,day,2026-04-03,04-03,Launches & Release Timing,6,44,0.1364,0.0844,0.0587,-0.0257
external_coverage,day,2026-04-04,04-04,Launches & Release Timing,1,10,0.1000,0.0844,0.0587,-0.0257
external_coverage,day,2026-04-05,04-05,Launches & Release Timing,1,13,0.0769,0.0844,0.0587,-0.0257
external_coverage,day,2026-04-06,04-06,Launches & Release Timing,5,121,0.0413,0.0844,0.0587,-0.0257
external_coverage,day,2026-03-13,03-13,Major Content Updates,0,2,0.0000,0.0181,0.0066,-0.0114
external_coverage,day,2026-03-14,03-14,Major Content Updates,696,36258,0.0192,0.0181,0.0066,-0.0114
external_coverage,day,2026-03-15,03-15,Major Content Updates,277,15117,0.0183,0.0181,0.0066,-0.0114
external_coverage,day,2026-03-16,03-16,Major Content Updates,270,14915,0.0181,0.0181,0.0066,-0.0114
external_coverage,day,2026-03-17,03-17,Major Content Updates,147,10057,0.0146,0.0181,0.0066,-0.0114
external_coverage,day,2026-03-18,03-18,Major Content Updates,5,244,0.0205,0.0181,0.0066,-0.0114
external_coverage,day,2026-03-19,03-19,Major Content Updates,17,1335,0.0127,0.0181,0.0066,-0.0114
external_coverage,day,2026-03-20,03-20,Major Content Updates,6,571,0.0105,0.0181,0.0066,-0.0114
external_coverage,day,2026-03-21,03-21,Major Content Updates,1,11,0.0909,0.0181,0.0066,-0.0114
external_coverage,day,2026-03-22,03-22,Major Content Updates,0,6,0.0000,0.0181,0.0066,-0.0114
external_coverage,day,2026-03-23,03-23,Major Content Updates,1,99,0.0101,0.0181,0.0066,-0.0114
external_coverage,day,2026-03-24,03-24,Major Content Updates,0,41,0.0000,0.0181,0.0066,-0.0114
external_coverage,day,2026-03-25,03-25,Major Content Updates,4,184,0.0217,0.0181,0.0066,-0.0114
external_coverage,day,2026-03-26,03-26,Major Content Updates,14,1546,0.0091,0.0181,0.0066,-0.0114
external_coverage,day,2026-03-27,03-27,Major Content Updates,3,361,0.0083,0.0181,0.0066,-0.0114
external_coverage,day,2026-03-28,03-28,Major Content Updates,2,381,0.0052,0.0181,0.0066,-0.0114
external_coverage,day,2026-03-29,03-29,Major Content Updates,1,390,0.0026,0.0181,0.0066,-0.0114
external_coverage,day,2026-03-30,03-30,Major Content Updates,1,407,0.0025,0.0181,0.0066,-0.0114
external_coverage,day,2026-03-31,03-31,Major Content Updates,2,275,0.0073,0.0181,0.0066,-0.0114
external_coverage,day,2026-04-01,04-01,Major Content Updates,0,93,0.0000,0.0181,0.0066,-0.0114
external_coverage,day,2026-04-02,04-02,Major Content Updates,2,94,0.0213,0.0181,0.0066,-0.0114
external_coverage,day,2026-04-03,04-03,Major Content Updates,0,44,0.0000,0.0181,0.0066,-0.0114
external_coverage,day,2026-04-04,04-04,Major Content Updates,0,10,0.0000,0.0181,0.0066,-0.0114
external_coverage,day,2026-04-05,04-05,Major Content Updates,1,13,0.0769,0.0181,0.0066,-0.0114
external_coverage,day,2026-04-06,04-06,Major Content Updates,1,121,0.0083,0.0181,0.0066,-0.0114
external_coverage,day,2026-03-13,03-13,Patch / Hotfix / Bug Fixes,0,2,0.0000,0.1192,0.0407,-0.0785
external_coverage,day,2026-03-14,03-14,Patch / Hotfix / Bug Fixes,4986,36258,0.1375,0.1192,0.0407,-0.0785
external_coverage,day,2026-03-15,03-15,Patch / Hotfix / Bug Fixes,1702,15117,0.1126,0.1192,0.0407,-0.0785
external_coverage,day,2026-03-16,03-16,Patch / Hotfix / Bug Fixes,1538,14915,0.1031,0.1192,0.0407,-0.0785
external_coverage,day,2026-03-17,03-17,Patch / Hotfix / Bug Fixes,963,10057,0.0958,0.1192,0.0407,-0.0785
external_coverage,day,2026-03-18,03-18,Patch / Hotfix / Bug Fixes,14,244,0.0574,0.1192,0.0407,-0.0785
external_coverage,day,2026-03-19,03-19,Patch / Hotfix / Bug Fixes,126,1335,0.0944,0.1192,0.0407,-0.0785
external_coverage,day,2026-03-20,03-20,Patch / Hotfix / Bug Fixes,26,571,0.0455,0.1192,0.0407,-0.0785
external_coverage,day,2026-03-21,03-21,Patch / Hotfix / Bug Fixes,1,11,0.0909,0.1192,0.0407,-0.0785
external_coverage,day,2026-03-22,03-22,Patch / Hotfix / Bug Fixes,0,6,0.0000,0.1192,0.0407,-0.0785
external_coverage,day,2026-03-23,03-23,Patch / Hotfix / Bug Fixes,3,99,0.0303,0.1192,0.0407,-0.0785
external_coverage,day,2026-03-24,03-24,Patch / Hotfix / Bug Fixes,4,41,0.0976,0.1192,0.0407,-0.0785
external_coverage,day,2026-03-25,03-25,Patch / Hotfix / Bug Fixes,21,184,0.1141,0.1192,0.0407,-0.0785
external_coverage,day,2026-03-26,03-26,Patch / Hotfix / Bug Fixes,97,1546,0.0627,0.1192,0.0407,-0.0785
external_coverage,day,2026-03-27,03-27,Patch / Hotfix / Bug Fixes,17,361,0.0471,0.1192,0.0407,-0.0785
external_coverage,day,2026-03-28,03-28,Patch / Hotfix / Bug Fixes,16,381,0.0420,0.1192,0.0407,-0.0785
external_coverage,day,2026-03-29,03-29,Patch / Hotfix / Bug Fixes,11,390,0.0282,0.1192,0.0407,-0.0785
external_coverage,day,2026-03-30,03-30,Patch / Hotfix / Bug Fixes,6,407,0.0147,0.1192,0.0407,-0.0785
external_coverage,day,2026-03-31,03-31,Patch / Hotfix / Bug Fixes,15,275,0.0545,0.1192,0.0407,-0.0785
external_coverage,day,2026-04-01,04-01,Patch / Hotfix / Bug Fixes,6,93,0.0645,0.1192,0.0407,-0.0785
external_coverage,day,2026-04-02,04-02,Patch / Hotfix / Bug Fixes,7,94,0.0745,0.1192,0.0407,-0.0785
external_coverage,day,2026-04-03,04-03,Patch / Hotfix / Bug Fixes,3,44,0.0682,0.1192,0.0407,-0.0785
external_coverage,day,2026-04-04,04-04,Patch / Hotfix / Bug Fixes,0,10,0.0000,0.1192,0.0407,-0.0785
external_coverage,day,2026-04-05,04-05,Patch / Hotfix / Bug Fixes,0,13,0.0000,0.1192,0.0407,-0.0785
external_coverage,day,2026-04-06,04-06,Patch / Hotfix / Bug Fixes,6,121,0.0496,0.1192,0.0407,-0.0785
external_coverage,day,2026-03-13,03-13,Discounts / Sales / Promotions,0,2,0.0000,0.0939,0.0937,-0.0002
external_coverage,day,2026-03-14,03-14,Discounts / Sales / Promotions,4818,36258,0.1329,0.0939,0.0937,-0.0002
external_coverage,day,2026-03-15,03-15,Discounts / Sales / Promotions,1419,15117,0.0939,0.0939,0.0937,-0.0002
external_coverage,day,2026-03-16,03-16,Discounts / Sales / Promotions,588,14915,0.0394,0.0939,0.0937,-0.0002
external_coverage,day,2026-03-17,03-17,Discounts / Sales / Promotions,419,10057,0.0417,0.0939,0.0937,-0.0002
external_coverage,day,2026-03-18,03-18,Discounts / Sales / Promotions,6,244,0.0246,0.0939,0.0937,-0.0002
external_coverage,day,2026-03-19,03-19,Discounts / Sales / Promotions,87,1335,0.0652,0.0939,0.0937,-0.0002
external_coverage,day,2026-03-20,03-20,Discounts / Sales / Promotions,32,571,0.0560,0.0939,0.0937,-0.0002
external_coverage,day,2026-03-21,03-21,Discounts / Sales / Promotions,1,11,0.0909,0.0939,0.0937,-0.0002
external_coverage,day,2026-03-22,03-22,Discounts / Sales / Promotions,0,6,0.0000,0.0939,0.0937,-0.0002
external_coverage,day,2026-03-23,03-23,Discounts / Sales / Promotions,1,99,0.0101,0.0939,0.0937,-0.0002
external_coverage,day,2026-03-24,03-24,Discounts / Sales / Promotions,1,41,0.0244,0.0939,0.0937,-0.0002
external_coverage,day,2026-03-25,03-25,Discounts / Sales / Promotions,10,184,0.0543,0.0939,0.0937,-0.0002
external_coverage,day,2026-03-26,03-26,Discounts / Sales / Promotions,233,1546,0.1507,0.0939,0.0937,-0.0002
external_coverage,day,2026-03-27,03-27,Discounts / Sales / Promotions,42,361,0.1163,0.0939,0.0937,-0.0002
external_coverage,day,2026-03-28,03-28,Discounts / Sales / Promotions,90,381,0.2362,0.0939,0.0937,-0.0002
external_coverage,day,2026-03-29,03-29,Discounts / Sales / Promotions,12,390,0.0308,0.0939,0.0937,-0.0002
external_coverage,day,2026-03-30,03-30,Discounts / Sales / Promotions,15,407,0.0369,0.0939,0.0937,-0.0002
external_coverage,day,2026-03-31,03-31,Discounts / Sales / Promotions,20,275,0.0727,0.0939,0.0937,-0.0002
external_coverage,day,2026-04-01,04-01,Discounts / Sales / Promotions,10,93,0.1075,0.0939,0.0937,-0.0002
external_coverage,day,2026-04-02,04-02,Discounts / Sales / Promotions,14,94,0.1489,0.0939,0.0937,-0.0002
external_coverage,day,2026-04-03,04-03,Discounts / Sales / Promotions,8,44,0.1818,0.0939,0.0937,-0.0002
external_coverage,day,2026-04-04,04-04,Discounts / Sales / Promotions,1,10,0.1000,0.0939,0.0937,-0.0002
external_coverage,day,2026-04-05,04-05,Discounts / Sales / Promotions,1,13,0.0769,0.0939,0.0937,-0.0002
external_coverage,day,2026-04-06,04-06,Discounts / Sales / Promotions,30,121,0.2479,0.0939,0.0937,-0.0002
external_coverage,day,2026-03-13,03-13,Events / Seasonal / Anniversary,0,2,0.0000,0.0436,0.0246,-0.0190
external_coverage,day,2026-03-14,03-14,Events / Seasonal / Anniversary,1730,36258,0.0477,0.0436,0.0246,-0.0190
external_coverage,day,2026-03-15,03-15,Events / Seasonal / Anniversary,590,15117,0.0390,0.0436,0.0246,-0.0190
external_coverage,day,2026-03-16,03-16,Events / Seasonal / Anniversary,614,14915,0.0412,0.0436,0.0246,-0.0190
external_coverage,day,2026-03-17,03-17,Events / Seasonal / Anniversary,443,10057,0.0440,0.0436,0.0246,-0.0190
external_coverage,day,2026-03-18,03-18,Events / Seasonal / Anniversary,4,244,0.0164,0.0436,0.0246,-0.0190
external_coverage,day,2026-03-19,03-19,Events / Seasonal / Anniversary,38,1335,0.0285,0.0436,0.0246,-0.0190
external_coverage,day,2026-03-20,03-20,Events / Seasonal / Anniversary,7,571,0.0123,0.0436,0.0246,-0.0190
external_coverage,day,2026-03-21,03-21,Events / Seasonal / Anniversary,0,11,0.0000,0.0436,0.0246,-0.0190
external_coverage,day,2026-03-22,03-22,Events / Seasonal / Anniversary,0,6,0.0000,0.0436,0.0246,-0.0190
external_coverage,day,2026-03-23,03-23,Events / Seasonal / Anniversary,0,99,0.0000,0.0436,0.0246,-0.0190
external_coverage,day,2026-03-24,03-24,Events / Seasonal / Anniversary,1,41,0.0244,0.0436,0.0246,-0.0190
external_coverage,day,2026-03-25,03-25,Events / Seasonal / Anniversary,6,184,0.0326,0.0436,0.0246,-0.0190
external_coverage,day,2026-03-26,03-26,Events / Seasonal / Anniversary,47,1546,0.0304,0.0436,0.0246,-0.0190
external_coverage,day,2026-03-27,03-27,Events / Seasonal / Anniversary,10,361,0.0277,0.0436,0.0246,-0.0190
external_coverage,day,2026-03-28,03-28,Events / Seasonal / Anniversary,8,381,0.0210,0.0436,0.0246,-0.0190
external_coverage,day,2026-03-29,03-29,Events / Seasonal / Anniversary,7,390,0.0179,0.0436,0.0246,-0.0190
external_coverage,day,2026-03-30,03-30,Events / Seasonal / Anniversary,7,407,0.0172,0.0436,0.0246,-0.0190
external_coverage,day,2026-03-31,03-31,Events / Seasonal / Anniversary,5,275,0.0182,0.0436,0.0246,-0.0190
external_coverage,day,2026-04-01,04-01,Events / Seasonal / Anniversary,3,93,0.0323,0.0436,0.0246,-0.0190
external_coverage,day,2026-04-02,04-02,Events / Seasonal / Anniversary,3,94,0.0319,0.0436,0.0246,-0.0190
external_coverage,day,2026-04-03,04-03,Events / Seasonal / Anniversary,0,44,0.0000,0.0436,0.0246,-0.0190
external_coverage,day,2026-04-04,04-04,Events / Seasonal / Anniversary,0,10,0.0000,0.0436,0.0246,-0.0190
external_coverage,day,2026-04-05,04-05,Events / Seasonal / Anniversary,1,13,0.0769,0.0436,0.0246,-0.0190
external_coverage,day,2026-04-06,04-06,Events / Seasonal / Anniversary,7,121,0.0579,0.0436,0.0246,-0.0190
external_coverage,day,2026-03-13,03-13,DLC / Expansions / Episodes,0,2,0.0000,0.0713,0.0208,-0.0505
external_coverage,day,2026-03-14,03-14,DLC / Expansions / Episodes,3004,36258,0.0829,0.0713,0.0208,-0.0505
external_coverage,day,2026-03-15,03-15,DLC / Expansions / Episodes,1128,15117,0.0746,0.0713,0.0208,-0.0505
external_coverage,day,2026-03-16,03-16,DLC / Expansions / Episodes,948,14915,0.0636,0.0713,0.0208,-0.0505
external_coverage,day,2026-03-17,03-17,DLC / Expansions / Episodes,469,10057,0.0466,0.0713,0.0208,-0.0505
external_coverage,day,2026-03-18,03-18,DLC / Expansions / Episodes,1,244,0.0041,0.0713,0.0208,-0.0505
external_coverage,day,2026-03-19,03-19,DLC / Expansions / Episodes,36,1335,0.0270,0.0713,0.0208,-0.0505
external_coverage,day,2026-03-20,03-20,DLC / Expansions / Episodes,12,571,0.0210,0.0713,0.0208,-0.0505
external_coverage,day,2026-03-21,03-21,DLC / Expansions / Episodes,0,11,0.0000,0.0713,0.0208,-0.0505
external_coverage,day,2026-03-22,03-22,DLC / Expansions / Episodes,0,6,0.0000,0.0713,0.0208,-0.0505
external_coverage,day,2026-03-23,03-23,DLC / Expansions / Episodes,2,99,0.0202,0.0713,0.0208,-0.0505
external_coverage,day,2026-03-24,03-24,DLC / Expansions / Episodes,2,41,0.0488,0.0713,0.0208,-0.0505
external_coverage,day,2026-03-25,03-25,DLC / Expansions / Episodes,3,184,0.0163,0.0713,0.0208,-0.0505
external_coverage,day,2026-03-26,03-26,DLC / Expansions / Episodes,56,1546,0.0362,0.0713,0.0208,-0.0505
external_coverage,day,2026-03-27,03-27,DLC / Expansions / Episodes,3,361,0.0083,0.0713,0.0208,-0.0505
external_coverage,day,2026-03-28,03-28,DLC / Expansions / Episodes,11,381,0.0289,0.0713,0.0208,-0.0505
external_coverage,day,2026-03-29,03-29,DLC / Expansions / Episodes,6,390,0.0154,0.0713,0.0208,-0.0505
external_coverage,day,2026-03-30,03-30,DLC / Expansions / Episodes,5,407,0.0123,0.0713,0.0208,-0.0505
external_coverage,day,2026-03-31,03-31,DLC / Expansions / Episodes,4,275,0.0145,0.0713,0.0208,-0.0505
external_coverage,day,2026-04-01,04-01,DLC / Expansions / Episodes,3,93,0.0323,0.0713,0.0208,-0.0505
external_coverage,day,2026-04-02,04-02,DLC / Expansions / Episodes,5,94,0.0532,0.0713,0.0208,-0.0505
external_coverage,day,2026-04-03,04-03,DLC / Expansions / Episodes,2,44,0.0455,0.0713,0.0208,-0.0505
external_coverage,day,2026-04-04,04-04,DLC / Expansions / Episodes,0,10,0.0000,0.0713,0.0208,-0.0505
external_coverage,day,2026-04-05,04-05,DLC / Expansions / Episodes,0,13,0.0000,0.0713,0.0208,-0.0505
external_coverage,day,2026-04-06,04-06,DLC / Expansions / Episodes,3,121,0.0248,0.0713,0.0208,-0.0505
external_coverage,day,2026-03-13,03-13,Servers / Maintenance / Downtime / Apologies,0,2,0.0000,0.0262,0.0161,-0.0101
external_coverage,day,2026-03-14,03-14,Servers / Maintenance / Downtime / Apologies,1126,36258,0.0311,0.0262,0.0161,-0.0101
external_coverage,day,2026-03-15,03-15,Servers / Maintenance / Downtime / Apologies,307,15117,0.0203,0.0262,0.0161,-0.0101
external_coverage,day,2026-03-16,03-16,Servers / Maintenance / Downtime / Apologies,361,14915,0.0242,0.0262,0.0161,-0.0101
external_coverage,day,2026-03-17,03-17,Servers / Maintenance / Downtime / Apologies,233,10057,0.0232,0.0262,0.0161,-0.0101
external_coverage,day,2026-03-18,03-18,Servers / Maintenance / Downtime / Apologies,7,244,0.0287,0.0262,0.0161,-0.0101
external_coverage,day,2026-03-19,03-19,Servers / Maintenance / Downtime / Apologies,17,1335,0.0127,0.0262,0.0161,-0.0101
external_coverage,day,2026-03-20,03-20,Servers / Maintenance / Downtime / Apologies,7,571,0.0123,0.0262,0.0161,-0.0101
external_coverage,day,2026-03-21,03-21,Servers / Maintenance / Downtime / Apologies,0,11,0.0000,0.0262,0.0161,-0.0101
external_coverage,day,2026-03-22,03-22,Servers / Maintenance / Downtime / Apologies,0,6,0.0000,0.0262,0.0161,-0.0101
external_coverage,day,2026-03-23,03-23,Servers / Maintenance / Downtime / Apologies,2,99,0.0202,0.0262,0.0161,-0.0101
external_coverage,day,2026-03-24,03-24,Servers / Maintenance / Downtime / Apologies,3,41,0.0732,0.0262,0.0161,-0.0101
external_coverage,day,2026-03-25,03-25,Servers / Maintenance / Downtime / Apologies,6,184,0.0326,0.0262,0.0161,-0.0101
external_coverage,day,2026-03-26,03-26,Servers / Maintenance / Downtime / Apologies,31,1546,0.0201,0.0262,0.0161,-0.0101
external_coverage,day,2026-03-27,03-27,Servers / Maintenance / Downtime / Apologies,4,361,0.0111,0.0262,0.0161,-0.0101
external_coverage,day,2026-03-28,03-28,Servers / Maintenance / Downtime / Apologies,1,381,0.0026,0.0262,0.0161,-0.0101
external_coverage,day,2026-03-29,03-29,Servers / Maintenance / Downtime / Apologies,8,390,0.0205,0.0262,0.0161,-0.0101
external_coverage,day,2026-03-30,03-30,Servers / Maintenance / Downtime / Apologies,4,407,0.0098,0.0262,0.0161,-0.0101
external_coverage,day,2026-03-31,03-31,Servers / Maintenance / Downtime / Apologies,3,275,0.0109,0.0262,0.0161,-0.0101
external_coverage,day,2026-04-01,04-01,Servers / Maintenance / Downtime / Apologies,2,93,0.0215,0.0262,0.0161,-0.0101
external_coverage,day,2026-04-02,04-02,Servers / Maintenance / Downtime / Apologies,4,94,0.0426,0.0262,0.0161,-0.0101
external_coverage,day,2026-04-03,04-03,Servers / Maintenance / Downtime / Apologies,2,44,0.0455,0.0262,0.0161,-0.0101
external_coverage,day,2026-04-04,04-04,Servers / Maintenance / Downtime / Apologies,0,10,0.0000,0.0262,0.0161,-0.0101
external_coverage,day,2026-04-05,04-05,Servers / Maintenance / Downtime / Apologies,0,13,0.0000,0.0262,0.0161,-0.0101
external_coverage,day,2026-04-06,04-06,Servers / Maintenance / Downtime / Apologies,2,121,0.0165,0.0262,0.0161,-0.0101
external_coverage,day,2026-03-13,03-13,Roadmaps / Devlogs / Feature Previews,0,2,0.0000,0.0078,0.0123,0.0045
external_coverage,day,2026-03-14,03-14,Roadmaps / Devlogs / Feature Previews,253,36258,0.0070,0.0078,0.0123,0.0045
external_coverage,day,2026-03-15,03-15,Roadmaps / Devlogs / Feature Previews,112,15117,0.0074,0.0078,0.0123,0.0045
external_coverage,day,2026-03-16,03-16,Roadmaps / Devlogs / Feature Previews,138,14915,0.0093,0.0078,0.0123,0.0045
external_coverage,day,2026-03-17,03-17,Roadmaps / Devlogs / Feature Previews,97,10057,0.0096,0.0078,0.0123,0.0045
external_coverage,day,2026-03-18,03-18,Roadmaps / Devlogs / Feature Previews,3,244,0.0123,0.0078,0.0123,0.0045
external_coverage,day,2026-03-19,03-19,Roadmaps / Devlogs / Feature Previews,9,1335,0.0067,0.0078,0.0123,0.0045
external_coverage,day,2026-03-20,03-20,Roadmaps / Devlogs / Feature Previews,3,571,0.0053,0.0078,0.0123,0.0045
external_coverage,day,2026-03-21,03-21,Roadmaps / Devlogs / Feature Previews,0,11,0.0000,0.0078,0.0123,0.0045
external_coverage,day,2026-03-22,03-22,Roadmaps / Devlogs / Feature Previews,0,6,0.0000,0.0078,0.0123,0.0045
external_coverage,day,2026-03-23,03-23,Roadmaps / Devlogs / Feature Previews,2,99,0.0202,0.0078,0.0123,0.0045
external_coverage,day,2026-03-24,03-24,Roadmaps / Devlogs / Feature Previews,2,41,0.0488,0.0078,0.0123,0.0045
external_coverage,day,2026-03-25,03-25,Roadmaps / Devlogs / Feature Previews,1,184,0.0054,0.0078,0.0123,0.0045
external_coverage,day,2026-03-26,03-26,Roadmaps / Devlogs / Feature Previews,11,1546,0.0071,0.0078,0.0123,0.0045
external_coverage,day,2026-03-27,03-27,Roadmaps / Devlogs / Feature Previews,3,361,0.0083,0.0078,0.0123,0.0045
external_coverage,day,2026-03-28,03-28,Roadmaps / Devlogs / Feature Previews,3,381,0.0079,0.0078,0.0123,0.0045
external_coverage,day,2026-03-29,03-29,Roadmaps / Devlogs / Feature Previews,5,390,0.0128,0.0078,0.0123,0.0045
external_coverage,day,2026-03-30,03-30,Roadmaps / Devlogs / Feature Previews,8,407,0.0197,0.0078,0.0123,0.0045
external_coverage,day,2026-03-31,03-31,Roadmaps / Devlogs / Feature Previews,3,275,0.0109,0.0078,0.0123,0.0045
external_coverage,day,2026-04-01,04-01,Roadmaps / Devlogs / Feature Previews,1,93,0.0108,0.0078,0.0123,0.0045
external_coverage,day,2026-04-02,04-02,Roadmaps / Devlogs / Feature Previews,0,94,0.0000,0.0078,0.0123,0.0045
external_coverage,day,2026-04-03,04-03,Roadmaps / Devlogs / Feature Previews,1,44,0.0227,0.0078,0.0123,0.0045
external_coverage,day,2026-04-04,04-04,Roadmaps / Devlogs / Feature Previews,0,10,0.0000,0.0078,0.0123,0.0045
external_coverage,day,2026-04-05,04-05,Roadmaps / Devlogs / Feature Previews,0,13,0.0000,0.0078,0.0123,0.0045
external_coverage,day,2026-04-06,04-06,Roadmaps / Devlogs / Feature Previews,0,121,0.0000,0.0078,0.0123,0.0045
external_coverage,day,2026-03-13,03-13,Balance / Characters / Items / Meta Changes,1,2,0.5000,0.0363,0.0322,-0.0041
external_coverage,day,2026-03-14,03-14,Balance / Characters / Items / Meta Changes,1218,36258,0.0336,0.0363,0.0322,-0.0041
external_coverage,day,2026-03-15,03-15,Balance / Characters / Items / Meta Changes,510,15117,0.0337,0.0363,0.0322,-0.0041
external_coverage,day,2026-03-16,03-16,Balance / Characters / Items / Meta Changes,623,14915,0.0418,0.0363,0.0322,-0.0041
external_coverage,day,2026-03-17,03-17,Balance / Characters / Items / Meta Changes,440,10057,0.0438,0.0363,0.0322,-0.0041
external_coverage,day,2026-03-18,03-18,Balance / Characters / Items / Meta Changes,3,244,0.0123,0.0363,0.0322,-0.0041
external_coverage,day,2026-03-19,03-19,Balance / Characters / Items / Meta Changes,34,1335,0.0255,0.0363,0.0322,-0.0041
external_coverage,day,2026-03-20,03-20,Balance / Characters / Items / Meta Changes,20,571,0.0350,0.0363,0.0322,-0.0041
external_coverage,day,2026-03-21,03-21,Balance / Characters / Items / Meta Changes,0,11,0.0000,0.0363,0.0322,-0.0041
external_coverage,day,2026-03-22,03-22,Balance / Characters / Items / Meta Changes,0,6,0.0000,0.0363,0.0322,-0.0041
external_coverage,day,2026-03-23,03-23,Balance / Characters / Items / Meta Changes,3,99,0.0303,0.0363,0.0322,-0.0041
external_coverage,day,2026-03-24,03-24,Balance / Characters / Items / Meta Changes,1,41,0.0244,0.0363,0.0322,-0.0041
external_coverage,day,2026-03-25,03-25,Balance / Characters / Items / Meta Changes,4,184,0.0217,0.0363,0.0322,-0.0041
external_coverage,day,2026-03-26,03-26,Balance / Characters / Items / Meta Changes,47,1546,0.0304,0.0363,0.0322,-0.0041
external_coverage,day,2026-03-27,03-27,Balance / Characters / Items / Meta Changes,9,361,0.0249,0.0363,0.0322,-0.0041
external_coverage,day,2026-03-28,03-28,Balance / Characters / Items / Meta Changes,12,381,0.0315,0.0363,0.0322,-0.0041
external_coverage,day,2026-03-29,03-29,Balance / Characters / Items / Meta Changes,7,390,0.0179,0.0363,0.0322,-0.0041
external_coverage,day,2026-03-30,03-30,Balance / Characters / Items / Meta Changes,16,407,0.0393,0.0363,0.0322,-0.0041
external_coverage,day,2026-03-31,03-31,Balance / Characters / Items / Meta Changes,11,275,0.0400,0.0363,0.0322,-0.0041
external_coverage,day,2026-04-01,04-01,Balance / Characters / Items / Meta Changes,1,93,0.0108,0.0363,0.0322,-0.0041
external_coverage,day,2026-04-02,04-02,Balance / Characters / Items / Meta Changes,2,94,0.0213,0.0363,0.0322,-0.0041
external_coverage,day,2026-04-03,04-03,Balance / Characters / Items / Meta Changes,1,44,0.0227,0.0363,0.0322,-0.0041
external_coverage,day,2026-04-04,04-04,Balance / Characters / Items / Meta Changes,0,10,0.0000,0.0363,0.0322,-0.0041
external_coverage,day,2026-04-05,04-05,Balance / Characters / Items / Meta Changes,1,13,0.0769,0.0363,0.0322,-0.0041
external_coverage,day,2026-04-06,04-06,Balance / Characters / Items / Meta Changes,2,121,0.0165,0.0363,0.0322,-0.0041
external_coverage,day,2026-03-13,03-13,Platform / Account / Crossplay / Technical Changes,0,2,0.0000,0.0359,0.0369,0.0010
external_coverage,day,2026-03-14,03-14,Platform / Account / Crossplay / Technical Changes,1185,36258,0.0327,0.0359,0.0369,0.0010
external_coverage,day,2026-03-15,03-15,Platform / Account / Crossplay / Technical Changes,474,15117,0.0314,0.0359,0.0369,0.0010
external_coverage,day,2026-03-16,03-16,Platform / Account / Crossplay / Technical Changes,564,14915,0.0378,0.0359,0.0369,0.0010
external_coverage,day,2026-03-17,03-17,Platform / Account / Crossplay / Technical Changes,463,10057,0.0460,0.0359,0.0369,0.0010
external_coverage,day,2026-03-18,03-18,Platform / Account / Crossplay / Technical Changes,11,244,0.0451,0.0359,0.0369,0.0010
external_coverage,day,2026-03-19,03-19,Platform / Account / Crossplay / Technical Changes,84,1335,0.0629,0.0359,0.0369,0.0010
external_coverage,day,2026-03-20,03-20,Platform / Account / Crossplay / Technical Changes,39,571,0.0683,0.0359,0.0369,0.0010
external_coverage,day,2026-03-21,03-21,Platform / Account / Crossplay / Technical Changes,0,11,0.0000,0.0359,0.0369,0.0010
external_coverage,day,2026-03-22,03-22,Platform / Account / Crossplay / Technical Changes,0,6,0.0000,0.0359,0.0369,0.0010
external_coverage,day,2026-03-23,03-23,Platform / Account / Crossplay / Technical Changes,6,99,0.0606,0.0359,0.0369,0.0010
external_coverage,day,2026-03-24,03-24,Platform / Account / Crossplay / Technical Changes,3,41,0.0732,0.0359,0.0369,0.0010
external_coverage,day,2026-03-25,03-25,Platform / Account / Crossplay / Technical Changes,12,184,0.0652,0.0359,0.0369,0.0010
external_coverage,day,2026-03-26,03-26,Platform / Account / Crossplay / Technical Changes,59,1546,0.0382,0.0359,0.0369,0.0010
external_coverage,day,2026-03-27,03-27,Platform / Account / Crossplay / Technical Changes,14,361,0.0388,0.0359,0.0369,0.0010
external_coverage,day,2026-03-28,03-28,Platform / Account / Crossplay / Technical Changes,7,381,0.0184,0.0359,0.0369,0.0010
external_coverage,day,2026-03-29,03-29,Platform / Account / Crossplay / Technical Changes,23,390,0.0590,0.0359,0.0369,0.0010
external_coverage,day,2026-03-30,03-30,Platform / Account / Crossplay / Technical Changes,15,407,0.0369,0.0359,0.0369,0.0010
external_coverage,day,2026-03-31,03-31,Platform / Account / Crossplay / Technical Changes,13,275,0.0473,0.0359,0.0369,0.0010
external_coverage,day,2026-04-01,04-01,Platform / Account / Crossplay / Technical Changes,2,93,0.0215,0.0359,0.0369,0.0010
external_coverage,day,2026-04-02,04-02,Platform / Account / Crossplay / Technical Changes,4,94,0.0426,0.0359,0.0369,0.0010
external_coverage,day,2026-04-03,04-03,Platform / Account / Crossplay / Technical Changes,1,44,0.0227,0.0359,0.0369,0.0010
external_coverage,day,2026-04-04,04-04,Platform / Account / Crossplay / Technical Changes,0,10,0.0000,0.0359,0.0369,0.0010
external_coverage,day,2026-04-05,04-05,Platform / Account / Crossplay / Technical Changes,0,13,0.0000,0.0359,0.0369,0.0010
external_coverage,day,2026-04-06,04-06,Platform / Account / Crossplay / Technical Changes,4,121,0.0331,0.0359,0.0369,0.0010
external_coverage,day,2026-03-13,03-13,Monetization / Store / Pass / Currency,0,2,0.0000,0.0064,0.0038,-0.0026
external_coverage,day,2026-03-14,03-14,Monetization / Store / Pass / Currency,231,36258,0.0064,0.0064,0.0038,-0.0026
external_coverage,day,2026-03-15,03-15,Monetization / Store / Pass / Currency,93,15117,0.0062,0.0064,0.0038,-0.0026
external_coverage,day,2026-03-16,03-16,Monetization / Store / Pass / Currency,95,14915,0.0064,0.0064,0.0038,-0.0026
external_coverage,day,2026-03-17,03-17,Monetization / Store / Pass / Currency,75,10057,0.0075,0.0064,0.0038,-0.0026
external_coverage,day,2026-03-18,03-18,Monetization / Store / Pass / Currency,0,244,0.0000,0.0064,0.0038,-0.0026
external_coverage,day,2026-03-19,03-19,Monetization / Store / Pass / Currency,4,1335,0.0030,0.0064,0.0038,-0.0026
external_coverage,day,2026-03-20,03-20,Monetization / Store / Pass / Currency,3,571,0.0053,0.0064,0.0038,-0.0026
external_coverage,day,2026-03-21,03-21,Monetization / Store / Pass / Currency,0,11,0.0000,0.0064,0.0038,-0.0026
external_coverage,day,2026-03-22,03-22,Monetization / Store / Pass / Currency,0,6,0.0000,0.0064,0.0038,-0.0026
external_coverage,day,2026-03-23,03-23,Monetization / Store / Pass / Currency,0,99,0.0000,0.0064,0.0038,-0.0026
external_coverage,day,2026-03-24,03-24,Monetization / Store / Pass / Currency,0,41,0.0000,0.0064,0.0038,-0.0026
external_coverage,day,2026-03-25,03-25,Monetization / Store / Pass / Currency,0,184,0.0000,0.0064,0.0038,-0.0026
external_coverage,day,2026-03-26,03-26,Monetization / Store / Pass / Currency,10,1546,0.0065,0.0064,0.0038,-0.0026
external_coverage,day,2026-03-27,03-27,Monetization / Store / Pass / Currency,2,361,0.0055,0.0064,0.0038,-0.0026
external_coverage,day,2026-03-28,03-28,Monetization / Store / Pass / Currency,1,381,0.0026,0.0064,0.0038,-0.0026
external_coverage,day,2026-03-29,03-29,Monetization / Store / Pass / Currency,3,390,0.0077,0.0064,0.0038,-0.0026
external_coverage,day,2026-03-30,03-30,Monetization / Store / Pass / Currency,1,407,0.0025,0.0064,0.0038,-0.0026
external_coverage,day,2026-03-31,03-31,Monetization / Store / Pass / Currency,1,275,0.0036,0.0064,0.0038,-0.0026
external_coverage,day,2026-04-01,04-01,Monetization / Store / Pass / Currency,1,93,0.0108,0.0064,0.0038,-0.0026
external_coverage,day,2026-04-02,04-02,Monetization / Store / Pass / Currency,1,94,0.0106,0.0064,0.0038,-0.0026
external_coverage,day,2026-04-03,04-03,Monetization / Store / Pass / Currency,0,44,0.0000,0.0064,0.0038,-0.0026
external_coverage,day,2026-04-04,04-04,Monetization / Store / Pass / Currency,0,10,0.0000,0.0064,0.0038,-0.0026
external_coverage,day,2026-04-05,04-05,Monetization / Store / Pass / Currency,0,13,0.0000,0.0064,0.0038,-0.0026
external_coverage,day,2026-04-06,04-06,Monetization / Store / Pass / Currency,0,121,0.0000,0.0064,0.0038,-0.0026
external_coverage,day,2026-03-13,03-13,Community / Creator / Social / UGC,0,2,0.0000,0.0203,0.0189,-0.0014
external_coverage,day,2026-03-14,03-14,Community / Creator / Social / UGC,823,36258,0.0227,0.0203,0.0189,-0.0014
external_coverage,day,2026-03-15,03-15,Community / Creator / Social / UGC,377,15117,0.0249,0.0203,0.0189,-0.0014
external_coverage,day,2026-03-16,03-16,Community / Creator / Social / UGC,218,14915,0.0146,0.0203,0.0189,-0.0014
external_coverage,day,2026-03-17,03-17,Community / Creator / Social / UGC,137,10057,0.0136,0.0203,0.0189,-0.0014
external_coverage,day,2026-03-18,03-18,Community / Creator / Social / UGC,3,244,0.0123,0.0203,0.0189,-0.0014
external_coverage,day,2026-03-19,03-19,Community / Creator / Social / UGC,24,1335,0.0180,0.0203,0.0189,-0.0014
external_coverage,day,2026-03-20,03-20,Community / Creator / Social / UGC,10,571,0.0175,0.0203,0.0189,-0.0014
external_coverage,day,2026-03-21,03-21,Community / Creator / Social / UGC,0,11,0.0000,0.0203,0.0189,-0.0014
external_coverage,day,2026-03-22,03-22,Community / Creator / Social / UGC,1,6,0.1667,0.0203,0.0189,-0.0014
external_coverage,day,2026-03-23,03-23,Community / Creator / Social / UGC,0,99,0.0000,0.0203,0.0189,-0.0014
external_coverage,day,2026-03-24,03-24,Community / Creator / Social / UGC,0,41,0.0000,0.0203,0.0189,-0.0014
external_coverage,day,2026-03-25,03-25,Community / Creator / Social / UGC,8,184,0.0435,0.0203,0.0189,-0.0014
external_coverage,day,2026-03-26,03-26,Community / Creator / Social / UGC,39,1546,0.0252,0.0203,0.0189,-0.0014
external_coverage,day,2026-03-27,03-27,Community / Creator / Social / UGC,8,361,0.0222,0.0203,0.0189,-0.0014
external_coverage,day,2026-03-28,03-28,Community / Creator / Social / UGC,4,381,0.0105,0.0203,0.0189,-0.0014
external_coverage,day,2026-03-29,03-29,Community / Creator / Social / UGC,2,390,0.0051,0.0203,0.0189,-0.0014
external_coverage,day,2026-03-30,03-30,Community / Creator / Social / UGC,6,407,0.0147,0.0203,0.0189,-0.0014
external_coverage,day,2026-03-31,03-31,Community / Creator / Social / UGC,5,275,0.0182,0.0203,0.0189,-0.0014
external_coverage,day,2026-04-01,04-01,Community / Creator / Social / UGC,3,93,0.0323,0.0203,0.0189,-0.0014
external_coverage,day,2026-04-02,04-02,Community / Creator / Social / UGC,3,94,0.0319,0.0203,0.0189,-0.0014
external_coverage,day,2026-04-03,04-03,Community / Creator / Social / UGC,0,44,0.0000,0.0203,0.0189,-0.0014
external_coverage,day,2026-04-04,04-04,Community / Creator / Social / UGC,0,10,0.0000,0.0203,0.0189,-0.0014
external_coverage,day,2026-04-05,04-05,Community / Creator / Social / UGC,1,13,0.0769,0.0203,0.0189,-0.0014
external_coverage,day,2026-04-06,04-06,Community / Creator / Social / UGC,2,121,0.0165,0.0203,0.0189,-0.0014
external_coverage,day,2026-03-13,03-13,Partnerships / Crossovers / IP Collaborations,0,2,0.0000,0.0300,0.0407,0.0107
external_coverage,day,2026-03-14,03-14,Partnerships / Crossovers / IP Collaborations,982,36258,0.0271,0.0300,0.0407,0.0107
external_coverage,day,2026-03-15,03-15,Partnerships / Crossovers / IP Collaborations,423,15117,0.0280,0.0300,0.0407,0.0107
external_coverage,day,2026-03-16,03-16,Partnerships / Crossovers / IP Collaborations,502,14915,0.0337,0.0300,0.0407,0.0107
external_coverage,day,2026-03-17,03-17,Partnerships / Crossovers / IP Collaborations,335,10057,0.0333,0.0300,0.0407,0.0107
external_coverage,day,2026-03-18,03-18,Partnerships / Crossovers / IP Collaborations,8,244,0.0328,0.0300,0.0407,0.0107
external_coverage,day,2026-03-19,03-19,Partnerships / Crossovers / IP Collaborations,74,1335,0.0554,0.0300,0.0407,0.0107
external_coverage,day,2026-03-20,03-20,Partnerships / Crossovers / IP Collaborations,30,571,0.0525,0.0300,0.0407,0.0107
external_coverage,day,2026-03-21,03-21,Partnerships / Crossovers / IP Collaborations,2,11,0.1818,0.0300,0.0407,0.0107
external_coverage,day,2026-03-22,03-22,Partnerships / Crossovers / IP Collaborations,0,6,0.0000,0.0300,0.0407,0.0107
external_coverage,day,2026-03-23,03-23,Partnerships / Crossovers / IP Collaborations,4,99,0.0404,0.0300,0.0407,0.0107
external_coverage,day,2026-03-24,03-24,Partnerships / Crossovers / IP Collaborations,2,41,0.0488,0.0300,0.0407,0.0107
external_coverage,day,2026-03-25,03-25,Partnerships / Crossovers / IP Collaborations,8,184,0.0435,0.0300,0.0407,0.0107
external_coverage,day,2026-03-26,03-26,Partnerships / Crossovers / IP Collaborations,52,1546,0.0336,0.0300,0.0407,0.0107
external_coverage,day,2026-03-27,03-27,Partnerships / Crossovers / IP Collaborations,15,361,0.0416,0.0300,0.0407,0.0107
external_coverage,day,2026-03-28,03-28,Partnerships / Crossovers / IP Collaborations,9,381,0.0236,0.0300,0.0407,0.0107
external_coverage,day,2026-03-29,03-29,Partnerships / Crossovers / IP Collaborations,14,390,0.0359,0.0300,0.0407,0.0107
external_coverage,day,2026-03-30,03-30,Partnerships / Crossovers / IP Collaborations,21,407,0.0516,0.0300,0.0407,0.0107
external_coverage,day,2026-03-31,03-31,Partnerships / Crossovers / IP Collaborations,13,275,0.0473,0.0300,0.0407,0.0107
external_coverage,day,2026-04-01,04-01,Partnerships / Crossovers / IP Collaborations,4,93,0.0430,0.0300,0.0407,0.0107
external_coverage,day,2026-04-02,04-02,Partnerships / Crossovers / IP Collaborations,2,94,0.0213,0.0300,0.0407,0.0107
external_coverage,day,2026-04-03,04-03,Partnerships / Crossovers / IP Collaborations,1,44,0.0227,0.0300,0.0407,0.0107
external_coverage,day,2026-04-04,04-04,Partnerships / Crossovers / IP Collaborations,0,10,0.0000,0.0300,0.0407,0.0107
external_coverage,day,2026-04-05,04-05,Partnerships / Crossovers / IP Collaborations,0,13,0.0000,0.0300,0.0407,0.0107
external_coverage,day,2026-04-06,04-06,Partnerships / Crossovers / IP Collaborations,2,121,0.0165,0.0300,0.0407,0.0107
external_coverage,day,2026-03-13,03-13,Other,0,2,0.0000,0.5498,0.6641,0.1143
external_coverage,day,2026-03-14,03-14,Other,18404,36258,0.5076,0.5498,0.6641,0.1143
external_coverage,day,2026-03-15,03-15,Other,8310,15117,0.5497,0.5498,0.6641,0.1143
external_coverage,day,2026-03-16,03-16,Other,8986,14915,0.6025,0.5498,0.6641,0.1143
external_coverage,day,2026-03-17,03-17,Other,6158,10057,0.6123,0.5498,0.6641,0.1143
external_coverage,day,2026-03-18,03-18,Other,173,244,0.7090,0.5498,0.6641,0.1143
external_coverage,day,2026-03-19,03-19,Other,774,1335,0.5798,0.5498,0.6641,0.1143
external_coverage,day,2026-03-20,03-20,Other,354,571,0.6200,0.5498,0.6641,0.1143
external_coverage,day,2026-03-21,03-21,Other,8,11,0.7273,0.5498,0.6641,0.1143
external_coverage,day,2026-03-22,03-22,Other,4,6,0.6667,0.5498,0.6641,0.1143
external_coverage,day,2026-03-23,03-23,Other,61,99,0.6162,0.5498,0.6641,0.1143
external_coverage,day,2026-03-24,03-24,Other,25,41,0.6098,0.5498,0.6641,0.1143
external_coverage,day,2026-03-25,03-25,Other,108,184,0.5870,0.5498,0.6641,0.1143
external_coverage,day,2026-03-26,03-26,Other,923,1546,0.5970,0.5498,0.6641,0.1143
external_coverage,day,2026-03-27,03-27,Other,236,361,0.6537,0.5498,0.6641,0.1143
external_coverage,day,2026-03-28,03-28,Other,224,381,0.5879,0.5498,0.6641,0.1143
external_coverage,day,2026-03-29,03-29,Other,276,390,0.7077,0.5498,0.6641,0.1143
external_coverage,day,2026-03-30,03-30,Other,294,407,0.7224,0.5498,0.6641,0.1143
external_coverage,day,2026-03-31,03-31,Other,191,275,0.6945,0.5498,0.6641,0.1143
external_coverage,day,2026-04-01,04-01,Other,61,93,0.6559,0.5498,0.6641,0.1143
external_coverage,day,2026-04-02,04-02,Other,54,94,0.5745,0.5498,0.6641,0.1143
external_coverage,day,2026-04-03,04-03,Other,21,44,0.4773,0.5498,0.6641,0.1143
external_coverage,day,2026-04-04,04-04,Other,8,10,0.8000,0.5498,0.6641,0.1143
external_coverage,day,2026-04-05,04-05,Other,8,13,0.6154,0.5498,0.6641,0.1143
external_coverage,day,2026-04-06,04-06,Other,65,121,0.5372,0.5498,0.6641,0.1143
