scope,series_type,label,adds,removes,net_apps,total_moves,sample_apps
all-games,raw-genre,Early Access,66,65,1,131,"Boardlike, Night Light, Univoyager"
all-games,raw-genre,Casual,49,29,20,78,"DETOUR, Nomad Drive, Project: Haste"
all-games,raw-genre,Indie,59,14,45,73,"Flipping is Hard, Joker Madness 🃏, Lens Of Fear"
all-games,raw-genre,Free to Play,41,25,16,66,"Dark Pixel, Deluge, Dice Shaper"
all-games,raw-genre,Adventure,37,14,23,51,"Alder Forge 2, Foul Deeds of Iblis, Red: Flame & Fable"
all-games,raw-genre,Action,30,18,12,48,"Hello World, Oh Ship!, Red: Flame & Fable"
all-games,raw-genre,Simulation,23,24,-1,47,"A Webbing Journey, DeadPoly, Flipping is Hard"
all-games,raw-genre,Strategy,30,16,14,46,"Alder Forge 2, Hello World, Mind Flowers"
all-games,raw-genre,RPG,26,17,9,43,"Abyss Diver, Arkus, Mhystaria"
all-games,raw-genre,Massively Multiplayer,7,6,1,13,"Farm Renovator, Nomad Drive, Spire of Ash"
all-games,raw-genre,Racing,5,4,1,9,"DETOUR, Hyperlane Highway, Machine Mind"
all-games,raw-genre,Sports,3,5,-2,8,"Gladiatory, Off World Racing, One more time"
all-games,raw-genre,Accounting,0,1,-1,1,Tender Loving Care
all-games,raw-genre,Audio Production,0,1,-1,1,Tender Loving Care
all-games,raw-genre,Nudity,0,1,-1,1,Tender Loving Care
all-games,raw-genre,Sexual Content,0,1,-1,1,Tender Loving Care
all-games,raw-genre,Violent,0,1,-1,1,Titanic: Adventure Out Of Time
all-games,raw-tag,Indie,67,41,26,108,"Clair Obscur: Expedition 33, Frutiger Home, Hello World"
all-games,raw-tag,Singleplayer,51,47,4,98,"Dark Age Dinos, Hello World, Hyperlane Highway"
all-games,raw-tag,Early Access,37,35,2,72,"MY HERO : Before the Conquest, Night Light, 鱼肠剑与绣春刀 "
all-games,raw-tag,Casual,33,32,1,65,"A Webbing Journey, DETOUR, Greed Hunters"
all-games,raw-tag,Adventure,27,34,-7,61,"Alder Forge 2, Caribbean Tide, PatchWorld"
all-games,raw-tag,Action,24,31,-7,55,"Giant’s Heart, Hello World, Kleopatra"
all-games,raw-tag,3D,21,27,-6,48,"Hope in the City, Hyperlane Highway, INDOORS"
all-games,raw-tag,Atmospheric,30,16,14,46,"Caribbean Tide, Race Jam, The Secret Story Night Shift"
all-games,raw-tag,Colorful,23,23,0,46,"Hyperlane Highway, Impact to the Head, Mothership Down"
all-games,raw-tag,Simulation,21,23,-2,44,"Atre: Dominance Wars, PatchWorld, The Secret Story Night Shift"
all-games,raw-tag,Action-Adventure,18,25,-7,43,"Smoking Gun, The Secret Story 1996, ワンコワンコ大作戦"
all-games,raw-tag,Strategy,22,21,1,43,"Alder Forge 2, Siege of Acres, The Secret Story Night Shift"
all-games,raw-tag,Multiplayer,23,17,6,40,"Dark Age Dinos, Hello World, KILLGUN"
all-games,raw-tag,RPG,23,17,6,40,"Abyss Diver, Arkus, Atre: Dominance Wars"
all-games,raw-tag,Free to Play,31,6,25,37,"Mahjong Fest: Sakura Garden, コインスロット, 帝王霸业"
all-games,raw-tag,Retro,24,12,12,36,"Darwin's Paradox!, Fright Train, Project: Haste"
all-games,raw-tag,Choices Matter,20,16,4,36,"Caribbean Tide, Hakimi Blaster - Hakimi Survivors, Dicebinder"
all-games,raw-tag,Story Rich,24,11,13,35,"Caribbean Tide, Cry of Fear, The Secret Story Night Shift"
all-games,raw-tag,Stylized,20,12,8,32,"Fright Train, Frutiger Home, Hope in the City"
all-games,raw-tag,2D,18,14,4,32,"Red: Flame & Fable, Bones and Coins, Dogwood"
all-games,raw-tag,Co-op,18,14,4,32,"Code Velocity, Frutiger Home, KILLGUN"
all-games,raw-tag,Funny,18,14,4,32,"Dark Age Dinos, Hakimi Blaster - Hakimi Survivors, Isle of Food"
all-games,raw-tag,Combat,17,14,3,31,"Hello World, Hyperlane Highway, Mask of Soul"
all-games,raw-tag,Exploration,17,13,4,30,"Greed Hunters, Isle of Food, IT Solutions"
all-games,raw-tag,Fantasy,11,18,-7,29,"成为皇帝！我的万亿美女星球帝国, Kingdomino, Loot Goblin"
all-games,raw-tag,Dark,16,13,3,29,"Lens Of Fear, Siege of Acres, Smoking Gun"
all-games,raw-tag,Comedy,10,18,-8,28,"Hakimi Blaster - Hakimi Survivors, Race Jam, DEADLINE DELIVERY"
all-games,raw-tag,Cute,15,13,2,28,"Back To The Collis, Dark Age Dinos, Settle"
all-games,raw-tag,Difficult,20,6,14,26,"Project Roll, Siege of Acres, Aimlabs"
all-games,raw-tag,Artificial Intelligence,15,10,5,25,"Clair Obscur: Expedition 33, PatchWorld, ワンコワンコ大作戦"
all-games,raw-tag,Online Co-Op,14,11,3,25,"Dark Age Dinos, FULL METAL COFFIN, Hello World"
all-games,raw-tag,Arcade,19,5,14,24,"Fright Train, Hakimi Blaster - Hakimi Survivors, Kleopatra"
all-games,raw-tag,Physics,16,8,8,24,"Extreme Forklifting 3, Hyperlane Highway, Isle of Food"
all-games,raw-tag,Character Customization,14,10,4,24,"Fright Train, Hyperlane Highway, Siege of Acres"
all-games,raw-tag,Family Friendly,14,10,4,24,"ARC_the beginning, Space Elite Force II, Space Smash"
all-games,raw-tag,Sci-fi,13,11,2,24,"Hello World, Hyperlane Highway, 成为皇帝！我的万亿美女星球帝国"
all-games,raw-tag,Controller,10,13,-3,23,"Lens Of Fear, Piroot, 86'd"
all-games,raw-tag,Sexual Content,12,11,1,23,"AIKO: AI Girlfriend 3D Life Sim, 被击垮而堕落的强气人妻, RogueDiceR"
all-games,raw-tag,Top-Down,18,4,14,22,"Greed Hunters, Smoking Gun, Demon Hunters"
all-games,raw-tag,Relaxing,8,14,-6,22,"Hakimi Blaster - Hakimi Survivors, 成为皇帝！我的万亿美女星球帝国, Raccoon Valley Tycoon"
all-games,raw-tag,PvE,13,9,4,22,"Hyperlane Highway, Lens Of Fear, Super Chaos"
all-games,raw-tag,Action Roguelike,10,12,-2,22,"Kleopatra, Siege of Acres, Super Chaos"
all-games,raw-tag,Multiple Endings,12,10,2,22,"The Assessment, 成为皇帝！我的万亿美女星球帝国, 鱼肠剑与绣春刀 "
all-games,raw-tag,Pixel Graphics,12,10,2,22,"Settle, Tidy Shadows, Dungeonfall"
all-games,raw-tag,Sandbox,12,10,2,22,"Atre: Dominance Wars, The Secret Story Night Shift, Thug Life"
all-games,raw-tag,Inventory Management,11,11,0,22,"Fright Train, Hello World, Sexorcism: Lust Confession"
all-games,raw-tag,Roguelite,14,7,7,21,"Fright Train, Siege of Acres, Dicebinder"
all-games,raw-tag,Puzzle,12,9,3,21,"Back To The Collis, Defend Your Land, Kingdomino"
all-games,raw-tag,Roguelike,10,11,-1,21,"Apple Man Sam, Chernobots, Demon Hunters"
all-games,raw-tag,Tactical,10,11,-1,21,"Hello World, Joker Madness 🃏, Mothership Down"
all-games,raw-tag,Gambling,1,19,-18,20,"Dicesworn, Shells Shooter, Pegs X Stickers"
all-games,raw-tag,Local Multiplayer,11,9,2,20,"Adrift: In the Corners of Time, 郑成功传 Clash of Armadas: Koxinga, Kingdomino"
all-games,raw-tag,Job Simulator,16,3,13,19,"Extreme Forklifting 3, 86'd, Mermaids are Seafood"
all-games,raw-tag,Linear,5,14,-9,19,"Caribbean Tide, Smoking Gun, Blenderman"
all-games,raw-tag,Management,14,5,9,19,"86'd, Loot Goblin, Valefor 2"
all-games,raw-tag,Psychological Horror,13,6,7,19,"Homeless, Lens Of Fear, The Secret Story Night Shift"
all-games,raw-tag,Open World,7,12,-5,19,"Greed Hunters, Hope in the City, Piroot"
all-games,raw-tag,Interactive Fiction,11,8,3,19,"Hope in the City, The Secret Story Night Shift, The Three Kingdoms of Shadows: Xuzhou"
all-games,raw-tag,Minimalist,11,8,3,19,"Second Chance at a Billion, Tiny Train Tycoon, Under Protocol"
all-games,raw-tag,Realistic,10,9,1,19,"Frutiger Home, Siege of Acres, Smoking Gun"
all-games,raw-tag,Nature,7,11,-4,18,"Frutiger Home, Hello World, Thug Life"
all-games,raw-tag,Cartoony,10,8,2,18,"Fright Train, Race Jam, Blenderman"
all-games,raw-tag,Crafting,8,10,-2,18,"Hello World, 帝王霸业, Habitat Toxica"
all-games,raw-tag,Horror,10,8,2,18,"Fright Train, The Secret Story Night Shift, DEATH STRANDING 2: ON THE BEACH"
all-games,raw-tag,Survival,10,8,2,18,"Fright Train, Hakimi Blaster - Hakimi Survivors, Blenderman"
all-games,raw-tag,Resource Management,11,6,5,17,"FULL METAL COFFIN, Dicebinder, DopeNet"
all-games,raw-tag,Action RPG,8,9,-1,17,"The Secret Story Night Shift, Dungeonfall, Law of Demons"
all-games,raw-tag,Futuristic,9,8,1,17,"FULL METAL COFFIN, Hello World, Hyperlane Highway"
all-games,raw-tag,LGBTQ+,9,8,1,17,"Rune Factory 5, SILENT HILL: Townfall, Sexorcism: Lust Confession"
all-games,raw-tag,Turn-Based Tactics,8,9,-1,17,"Hello World, Joker Madness 🃏, 星火燎原"
all-games,raw-tag,Hentai,11,5,6,16,"Cry of Fear, Poker Night at the Inventory, SPLITGATE: Arena Reloaded"
all-games,raw-tag,Magic,10,6,4,16,"Dark Age Dinos, 帝王霸业, Demon Hunters"
all-games,raw-tag,Souls-like,7,9,-2,16,"Mask of Soul, Siege of Acres, 热血屠龙"
all-games,raw-tag,Third Person,12,3,9,15,"Alder Forge 2, Fright Train, Race Jam"
all-games,raw-tag,Shooter,7,8,-1,15,"Fright Train, Hyperlane Highway, Lens Of Fear"
all-games,raw-tag,Cozy,13,1,12,14,"Settle, Kingdomino, Professional Cats"
all-games,raw-tag,Medieval,11,3,8,14,"Giant’s Heart, 星火燎原, 86'd"
all-games,raw-tag,Bullet Hell,10,4,6,14,"Apple Man Sam, Demon Hunters, Hyperlane Highway"
all-games,raw-tag,PvP,10,4,6,14,"Adrift: In the Corners of Time, 戚继光 Qi Jiguang: Art of War, 郑成功传 Clash of Armadas: Koxinga"
all-games,raw-tag,Building,5,9,-4,14,"Extreme Forklifting 3, Hello World, Mothership Down"
all-games,raw-tag,Demons,5,9,-4,14,"Foul Deeds of Iblis, Fright Train, Lens Of Fear"
all-games,raw-tag,Drama,5,9,-4,14,"The Secret Story 1996, The Secret Story Night Shift, 成为皇帝！我的万亿美女星球帝国"
all-games,raw-tag,First-Person,5,9,-4,14,"The Secret Story Night Shift, Snooker Billiard, IT Solutions"
all-games,raw-tag,Surreal,9,5,4,14,"Evil Egg, Super Chaos, SWAPMEAT"
all-games,raw-tag,Cinematic,8,6,2,14,"Hope in the City, Red: Flame & Fable, The Secret Story 1996"
all-games,raw-tag,Loot,8,6,2,14,"Hyperlane Highway, Dungeonfall, Valefor 2"
all-games,raw-tag,Mystery,8,6,2,14,"Fright Train, Qamar, Chaosfall"
all-games,raw-tag,Procedural Generation,8,6,2,14,"PatchWorld, Beat For Speed, SWAPMEAT"
all-games,raw-tag,Turn-Based Strategy,8,6,2,14,"Hello World, Second Chance at a Billion, Bullet Ouroboros"
all-games,raw-tag,Cyberpunk,9,4,5,13,"SWAPMEAT, Aeons Echo, Ark Re:Code"
all-games,raw-tag,Dark Fantasy,4,9,-5,13,"Dicebinder, Law of Demons, Valefor 2"
all-games,raw-tag,Emotional,9,4,5,13,"The Assessment, Umamusume: Pretty Derby, Dogwood"
all-games,raw-tag,1990's,5,8,-3,13,"Space Elite Force II, Dungeonfall, Coin Pusher Casino"
all-games,raw-tag,3D Platformer,8,5,3,13,"Lens Of Fear, StarSavior, The Secret Story Night Shift"
all-games,raw-tag,Base Building,8,5,3,13,"Hello World, Siege of Acres, Habitat Toxica"
all-games,raw-tag,Fast-Paced,8,5,3,13,"Aimlabs, DEADLINE DELIVERY, Super Chaos"
all-games,raw-tag,Hand-drawn,5,8,-3,13,"Back To The Collis, Dark Age Dinos, Mask of Soul"
all-games,raw-tag,Platformer,8,5,3,13,"A Webbing Journey, Mask of Soul, Goose vs Zombies"
all-games,raw-tag,Violent,5,8,-3,13,"Birthday Boy, DEATH STRANDING 2: ON THE BEACH, Law of Demons"
all-games,raw-tag,Female Protagonist,7,6,1,13,"INDOORS, Bullet Ouroboros, Phantom Breaker: Omnia"
all-games,raw-tag,Nudity,6,7,-1,13,"AIKO: AI Girlfriend 3D Life Sim, Pixel Worlds: MMO Sandbox, 被击垮而堕落的强气人妻"
all-games,raw-tag,Hack and Slash,8,4,4,12,"Dungeonfall, Law of Demons, Kleopatra"
all-games,raw-tag,Immersive Sim,4,8,-4,12,"Extreme Forklifting 3, The Secret Story 1996, The Secret Story Night Shift"
all-games,raw-tag,Cartoon,5,7,-2,12,"The Secret Story Night Shift, Blenderman, Clicker Clicker Treasure Picker"
all-games,raw-tag,Isometric,7,5,2,12,"Machine Mind, Settle, Thug Life"
all-games,raw-tag,Level Editor,6,6,0,12,"The Secret Story 1996, 戚继光 Qi Jiguang: Art of War, Aimlabs"
all-games,raw-tag,Score Attack,6,6,0,12,"DopeNet, Coin Pusher Casino, Crepuscule Alley"
all-games,raw-tag,Clicker,9,2,7,11,"Defend Your Land, Newton Coin Web3, PomoTrain: Rabbit Town"
all-games,raw-tag,Space,2,9,-7,11,"成为皇帝！我的万亿美女星球帝国, Deep Rock Galactic: Rogue Core, Desserted"
all-games,raw-tag,Life Sim,4,7,-3,11,"Extreme Forklifting 3, The Secret Story Night Shift, Land Of Opportunities"
all-games,raw-tag,Old School,7,4,3,11,"Back To The Collis, Mothership Down, Coin Pusher Casino"
all-games,raw-tag,Dungeon Crawler,5,6,-1,11,"Siege of Acres, 帝王霸业, Dicebinder"
all-games,raw-tag,Survival Horror,5,6,-1,11,"The Assessment, The Secret Story Night Shift, Souls of the Dead"
all-games,raw-tag,Quick-Time Events,2,8,-6,10,"The Beast Inside, Beat For Speed, Bubblizion"
all-games,raw-tag,Romance,7,3,4,10,"The Secret Story Night Shift, Crown of the Nile: Cleopatra's Choice, Moonlight Apothecary"
all-games,raw-tag,Abstract,4,6,-2,10,"Kaz, DopePie Survivors 3D, EONIA Revelations"
all-games,raw-tag,Text-Based,4,6,-2,10,"MMM Weird Adventure, Perfect Castle, Under Protocol"
all-games,raw-tag,Walking Simulator,4,6,-2,10,"The Secret Story 1996, Trauma playground, We need a doorman."
all-games,raw-tag,Zombies,6,4,2,10,"Lens Of Fear, Demon Hunters, Souls of the Dead"
all-games,raw-tag,Economy,5,5,0,10,"Drag Racing 3D: Streets 2, Land Of Opportunities, Raccoon Valley Tycoon"
all-games,raw-tag,FPS,5,5,0,10,"Hyperlane Highway, The Secret Story Night Shift, 成为皇帝！我的万亿美女星球帝国"
all-games,raw-tag,NSFW,8,1,7,9,"Nakara, 被击垮而堕落的强气人妻, Curse upon the Defeated Sow Knight!"
all-games,raw-tag,Party Game,8,1,7,9,"Bullet Ouroboros, Ball Pain, Cursed Carts"
all-games,raw-tag,Great Soundtrack,7,2,5,9,"Kleopatra, 成为皇帝！我的万亿美女星球帝国, Umamusume: Pretty Derby"
all-games,raw-tag,Narration,7,2,5,9,"Race Jam, SIONIC LOVE, Hotel Galactic"
all-games,raw-tag,Short,7,2,5,9,"ワンコワンコ大作戦, Night Shift, The Legend of Chalkvania"
all-games,raw-tag,Investigation,6,3,3,9,"The Assessment, The Secret Story Night Shift, Drop Not Allowed"
all-games,raw-tag,Lore-Rich,6,3,3,9,"成为皇帝！我的万亿美女星球帝国, Crown of the Nile: Cleopatra's Choice, EONIA Revelations"
all-games,raw-tag,Perma Death,6,3,3,9,"Blenderman, Dungeonfall, Trash of the Titans"
all-games,raw-tag,Supernatural,6,3,3,9,"Fright Train, Night At The Mall, SANITY"
all-games,raw-tag,Choose Your Own Adventure,4,5,-1,9,"PatchWorld, Fool's Court, Moonlight Apothecary"
all-games,raw-tag,Co-op Campaign,4,5,-1,9,"Dark Age Dinos, Hello World, Souls of the Dead"
all-games,raw-tag,Collectathon,4,5,-1,9,"The Secret Story Night Shift, Tiny Train Tycoon, The King's Magic"
all-games,raw-tag,Dark Humor,5,4,1,9,"Under Protocol, Souls of the Dead, The King's Magic"
all-games,raw-tag,Precision Platformer,4,5,-1,9,"Reng Azure Requiem, ワンコワンコ大作戦, Don't Fall"
all-games,raw-tag,Stealth,5,4,1,9,"Darwin's Paradox!, Loot Goblin, Madnessarum"
all-games,raw-tag,Replay Value,7,1,6,8,"DopeNet, Valefor 2, Chaosfall"
all-games,raw-tag,2D Platformer,2,6,-4,8,"Hakimi Blaster - Hakimi Survivors, Mask of Soul, StarSavior"
all-games,raw-tag,Racing,2,6,-4,8,"DETOUR, Hyperlane Highway, Ball Pain"
all-games,raw-tag,Conversation,5,3,2,8,"Fate's Masquerade: Otome Visual Novel, Law of Demons, Highrise: Avatar & Social World"
all-games,raw-tag,War,5,3,2,8,"ALTERA, 戚继光 Qi Jiguang: Art of War, Virtualord, The Virtual Conqueror"
all-games,raw-tag,Grid-Based Movement,4,4,0,8,"Kingdomino, Axona, Gentoo Rescue"
all-games,raw-tag,Local Co-Op,4,4,0,8,"Hello World, Space Elite Force II, 戚继光 Qi Jiguang: Art of War"
all-games,raw-tag,Shoot 'Em Up,4,4,0,8,"Hyperlane Highway, Piroot, Super Chaos"
all-games,raw-tag,Side Scroller,4,4,0,8,"Mask of Soul, Drag Racing 3D: Streets 2, Celestial Lumina"
all-games,raw-tag,Thriller,4,4,0,8,"Mermaids are Seafood, A House Inside Me, Flick"
all-games,raw-tag,Dystopian,1,6,-5,7,"DopeNet, Ark Re:Code, Angel Roulette"
all-games,raw-tag,Idler,6,1,5,7,"Second Chance at a Billion, 热血屠龙, Coin Pusher Casino"
all-games,raw-tag,Otome,1,6,-5,7,"Crown of the Nile: Cleopatra's Choice, Cute Country, Gun Girl Go"
all-games,raw-tag,Hidden Object,2,5,-3,7,"Hope in the City, Settle, Shroud of Gloom"
all-games,raw-tag,Turn-Based Combat,5,2,3,7,"Dark Age Dinos, Hello World, Cardtonia"
all-games,raw-tag,Visual Novel,5,2,3,7,"MYMEMORY, 成为皇帝！我的万亿美女星球帝国, Mistbound"
all-games,raw-tag,Anime,4,3,1,7,"Super Serious Golf, BioMech Vendetta, DopePie Survivors 3D"
all-games,raw-tag,Cooking,4,3,1,7,"Plucked Up, VirtualSociety, Moonlight Apothecary"
all-games,raw-tag,Education,3,4,-1,7,"Aimlabs, One in a Thousand: Clover Book, Responding"
all-games,raw-tag,Gore,3,4,-1,7,"Law of Demons, Yurei: Ink of the Damned, Azazel Gamble 阿撒兹勒赌局"
all-games,raw-tag,Point & Click,4,3,1,7,"Hope in the City, Smoking Gun, Terrafactory: Idle Planet"
all-games,raw-tag,Top-Down Shooter,3,4,-1,7,"Strik9: Rhythm Rat Rampage, ChessBoyChess, Super Chaos"
all-games,raw-tag,Vehicular Combat,3,4,-1,7,"Extreme Forklifting 3, FULL METAL COFFIN, Hyperlane Highway"
all-games,raw-tag,Music,6,0,6,6,"PomoTrain: Rabbit Town, Dogwood, Kaz"
all-games,raw-tag,2.5D,5,1,4,6,"Highrise: Avatar & Social World, Cantarella: Dominion of Qualia, Loot Goblin"
all-games,raw-tag,Arena Shooter,5,1,4,6,"Super Chaos, Sphere Fight, Bamboozle"
all-games,raw-tag,Creature Collector,5,1,4,6,"Chippu, TCG Card Shop Simulator, The Wide Open Sky is Running out of Catfish"
all-games,raw-tag,Deckbuilding,5,1,4,6,"Valefor 2, Bones and Coins, STAB!"
all-games,raw-tag,Mature,5,1,4,6,"被击垮而堕落的强气人妻, Blacksad: Under the Skin, Deadset Darling"
all-games,raw-tag,1980s,4,2,2,6,"An Odd Walk: Shinjuku Alley, BROTANK, MergePiece: Merge pixels into masterpieces"
all-games,raw-tag,Agriculture,2,4,-2,6,"Souls of the Dead, My Heaven's Dale, Raccoon Valley Tycoon"
all-games,raw-tag,Dating Sim,4,2,2,6,"Machine Child, I Opened an Idle Bar So I Can GOON to HOT GIRLS, Lust's Cupid"
all-games,raw-tag,Psychological,4,2,2,6,"Hope in the City, INDOORS, Chaosfall"
all-games,raw-tag,Robots,2,4,-2,6,"Rogue Mech, Bamboozle, Biocybernetic Trap"
all-games,raw-tag,Science,2,4,-2,6,"FULL METAL COFFIN, Neolithic Dawn, Drop Not Allowed"
all-games,raw-tag,Time Management,4,2,2,6,"IT Solutions, PomoTrain: Rabbit Town, Machine Child"
all-games,raw-tag,Tower Defense,4,2,2,6,"Siege of Acres, Crown of Greed, X Space"
all-games,raw-tag,Trading,2,4,-2,6,"Aquanima, Glenwich Idle MMO, Highrise: Avatar & Social World"
all-games,raw-tag,Wholesome,4,2,2,6,"Kingdomino, Professional Cats, My Heaven's Dale"
all-games,raw-tag,Historical,3,3,0,6,"Caribbean Tide, Settle, 郑成功传 Clash of Armadas: Koxinga"
all-games,raw-tag,Parkour,3,3,0,6,"Super Serious Golf, Beat For Speed, Flipping is Hard"
all-games,raw-tag,Psychedelic,3,3,0,6,"The Assessment, DopeNet, Super Chaos"
all-games,raw-tag,Soundtrack,3,3,0,6,"成为皇帝！我的万亿美女星球帝国, PomoTrain: Rabbit Town, Getting Stronger"
all-games,raw-tag,Automation,4,1,3,5,"Machine Mind, Drop Not Allowed, Pathways & Poltergeists"
all-games,raw-tag,Bullet Time,4,1,3,5,"Hyperlane Highway, LEAF, Kleopatra"
all-games,raw-tag,Competitive,4,1,3,5,"Drag Racing 3D: Streets 2, Out of the Park Baseball 27, Penguin Pirates"
all-games,raw-tag,Gun Customization,1,4,-3,5,"Chop Chains, Responding, Sphere Fight"
all-games,raw-tag,Immersive,4,1,3,5,"Kingdomino, Desserted, We need a doorman."
all-games,raw-tag,Massively Multiplayer,4,1,3,5,"Madnessarum, Glenwich Idle MMO, KeepUp Survival"
all-games,raw-tag,Roguelike Deckbuilder,4,1,3,5,"Dicebinder, Valefor 2, Monster Tavern"
all-games,raw-tag,Shop Keeper,4,1,3,5,"Plucked Up, Growth, Clerks and Quirks"
all-games,raw-tag,Tabletop,1,4,-3,5,"Puzzle Car, Snooker Billiard, Coin Pusher Casino"
all-games,raw-tag,Team-Based,1,4,-3,5,"Hello World, Stick N' Sheep, Fine Dying"
all-games,raw-tag,Cats,3,2,1,5,"My NEET Life, Habitat Toxica, Blacksad: Under the Skin"
all-games,raw-tag,Noir,3,2,1,5,"Kleopatra, Drop Not Allowed, Kaz"
all-games,raw-tag,Pirates,3,2,1,5,"郑成功传 Clash of Armadas: Koxinga, Penguin Pirates, Cosmic Gold Rush"
all-games,raw-tag,Political,3,2,1,5,"Alder Forge 2, The Three Kingdoms of Shadows: Xuzhou, The King's Magic"
all-games,raw-tag,Political Sim,2,3,-1,5,"Second Chance at a Billion, Deductopia Demo, Microlandia"
all-games,raw-tag,Post-apocalyptic,3,2,1,5,"All Roads Connected, Sicarius, Waste Runner: Critical Waste"
all-games,raw-tag,Real Time Tactics,2,3,-1,5,"戚继光 Qi Jiguang: Art of War, 郑成功传 Clash of Armadas: Koxinga, Ashes of the Singularity II"
all-games,raw-tag,Sports,2,3,-1,5,"Gladiatory, CarX Drift Racing Online, BIG BALLS"
all-games,raw-tag,Tactical RPG,3,2,1,5,"Dark Age Dinos, Siege of Acres, Gladiatory"
all-games,raw-tag,Turn-Based,3,2,1,5,"Virtualord, The Virtual Conqueror, KPOP SCOUT, The Curse of Feldar Vale"
all-games,raw-tag,VR,2,3,-1,5,"Hyperlane Highway, IT Solutions, [ABERRATION] THE ANALYST"
all-games,raw-tag,Wargame,2,3,-1,5,"戚继光 Qi Jiguang: Art of War, Crown of Greed, 热血屠龙"
all-games,raw-tag,Crime,4,0,4,4,"DopeNet, Speakeasy Simulator, Beyond The Limits"
all-games,raw-tag,Driving,4,0,4,4,"Without A Hitch, Drag Racing 3D: Streets 2, Responding"
all-games,raw-tag,Narrative,4,0,4,4,"アニマロイドガール, Big Dig, Refrain: Verse of Fate"
all-games,raw-tag,Twin Stick Shooter,4,0,4,4,"WoofWatch, Rockhounds, DUMPLing"
all-games,raw-tag,Aliens,1,3,-2,4,"Piroot, Galactic Heroes: The Enchanted Forest, Cosmic Gold Rush"
all-games,raw-tag,Colony Sim,3,1,2,4,"Crown of Greed, GlagStone, All Roads Connected"
all-games,raw-tag,Destruction,1,3,-2,4,"Extreme Forklifting 3, Plucked Up, Super Chaos"
all-games,raw-tag,Dragons,3,1,2,4,"Tears of Adria, Undead Tide: Light's Defense, 热血屠龙"
all-games,raw-tag,Logic,1,3,-2,4,"PatchWorld, Pathways & Poltergeists, Blacksad: Under the Skin"
all-games,raw-tag,Military,1,3,-2,4,"FULL METAL COFFIN, 帝王霸业, Gigantes Ex Machina"
all-games,raw-tag,Modern,3,1,2,4,"Teachers. With Love and Passion., Hoverise Rebellion, Ashes of the Singularity II"
all-games,raw-tag,Auto Battler,2,2,0,4,"Golemworks, Slimes and Arrows, Atre: Dominance Wars"
all-games,raw-tag,Beat 'em up,2,2,0,4,"Super Chaos, Checkout Blitz: The Shopping Dead, Papered"
all-games,raw-tag,City Builder,2,2,0,4,"Capitaland, MonsterCare, Goldrot"
all-games,raw-tag,Metroidvania,2,2,0,4,"HYDROPUNK, Armageddon Onslaught, GRIMPS"
all-games,raw-tag,Party-Based RPG,2,2,0,4,"Valefor 2, Terrinoth®: Heroes of Descent, 废都物语重制版"
all-games,raw-tag,Runner,2,2,0,4,"Code Velocity, Hyperlane Highway, Getting Stronger"
all-games,raw-tag,Satire,2,2,0,4,"Land Of Opportunities, Monetaria, Mewseum: Film Festival"
all-games,raw-tag,Strategy RPG,2,2,0,4,"Siege of Acres, Island of Hearts, SoulTrigger"
all-games,raw-tag,4X,0,3,-3,3,"Virtualord, The Virtual Conqueror, College Basketball Manager, Grand Cru: The Wine Maker"
all-games,raw-tag,Boomer Shooter,3,0,3,3,"Thug Life, GRIMPS, Ninja Vs Bomb"
all-games,raw-tag,Card Game,3,0,3,3,"Dicebinder, Sexorcism: Lust Confession, Ritualist"
all-games,raw-tag,Experimental,3,0,3,3,"Chaosfall, Biocybernetic Trap, Ringbound"
all-games,raw-tag,Grand Strategy,0,3,-3,3,"College Basketball Manager, Songs of Silence, Grand Cru: The Wine Maker"
all-games,raw-tag,Rhythm,3,0,3,3,"Kaz, Threadline, TSAREVNA. Age of Tales"
all-games,raw-tag,Tanks,3,0,3,3,"Hoverise Rebellion, Celestial Fragments, Splash Adventure: The Maze of Morla"
all-games,raw-tag,Tutorial,0,3,-3,3,"Harvest Skies: Crop Dusting Simulator, Bronzebeard's Tavern 2, Regret To Inform"
all-games,raw-tag,2D Fighter,1,2,-1,3,"Dungeonfall, KungPaw, Armageddon Onslaught"
all-games,raw-tag,3D Fighter,1,2,-1,3,"Plucked Up, One more time, Elementers"
all-games,raw-tag,4 Player Local,1,2,-1,3,"Kingdomino, The Left Behind, Biped 2"
all-games,raw-tag,Asynchronous Multiplayer,2,1,1,3,"Hello World, DopeNet, Valefor 2"
all-games,raw-tag,Automobile Sim,2,1,1,3,"Responding, One more time, Speed Boom"
all-games,raw-tag,Battle Royale,2,1,1,3,"ALTERA, One more time"
all-games,raw-tag,Board Game,1,2,-1,3,"Puzzle Car, Mega Deal Card, Fine Dying"
all-games,raw-tag,Capitalism,2,1,1,3,"Land Of Opportunities, Raccoon Valley Tycoon, Big Dig"
all-games,raw-tag,Card Battler,2,1,1,3,"Valefor 2, Out of the Park Baseball 27, Joker Madness 🃏"
all-games,raw-tag,Class-Based,1,2,-1,3,"Demon Hunters, Granblue Fantasy, Drag Racing 3D: Streets 2"
all-games,raw-tag,Classic,2,1,1,3,"Mystery at Morgoth, The Curse of Feldar Vale, Shakes and Fidget"
all-games,raw-tag,Combat Racing,2,1,1,3,"Garfield Kart 2 - All You Can Drift, MechaCap Arena, One more time"
all-games,raw-tag,Comic Book,1,2,-1,3,"Race Jam, Kleopatra, The Angel's Devil Tail - One More Question 2"
all-games,raw-tag,Dark Comedy,2,1,1,3,"Fine Dying, Mousebusters, Regret To Inform"
all-games,raw-tag,Fishing,2,1,1,3,"Isle of Food, Dogwood, My Heaven's Dale"
all-games,raw-tag,God Game,1,2,-1,3,"Gridworld, Weyrdlets 2.0 : Desktop Pets, 帝王霸业"
all-games,raw-tag,Gothic,2,1,1,3,"Gladiatory, Fine Dying, The Dark Queen of Mortholme"
all-games,raw-tag,Mythology,1,2,-1,3,"Mask of Soul, Night At The Mall, Songs of Silence"
all-games,raw-tag,Nonlinear,1,2,-1,3,"Drop Not Allowed, Blind Nature, Lust Manor: Leona’s Secret"
all-games,raw-tag,Programming,1,2,-1,3,"PatchWorld, Logic World, Phaze Shift"
all-games,raw-tag,Puzzle Platformer,2,1,1,3,"Rebind, Sync Together, MeowSon"
all-games,raw-tag,Social Deduction,1,2,-1,3,"WISE GUYS, CONDEMNED: Nightfall, Assassins Arena"
all-games,raw-tag,Software,2,1,1,3,"PatchWorld, Aimlabs, Drop Not Allowed"
all-games,raw-tag,Third-Person Shooter,2,1,1,3,"戚继光 Qi Jiguang: Art of War, Sync Together, KeepUp Survival"
all-games,raw-tag,Time Manipulation,1,2,-1,3,"Hyperlane Highway, Law of Demons, Kleopatra"
all-games,raw-tag,Transhumanism,1,2,-1,3,"SWAPMEAT, Ashes of the Singularity II"
all-games,raw-tag,Transportation,1,2,-1,3,"Extreme Forklifting 3, Hyperlane Highway, Rail Estate"
all-games,raw-tag,Underwater,2,1,1,3,"Super Chaos, Splash Adventure: The Maze of Morla"
all-games,raw-tag,6DOF,0,2,-2,2,"Neolithic Dawn, AI.VI"
all-games,raw-tag,Character Action Game,0,2,-2,2,"ワンコワンコ大作戦, Dogwood"
all-games,raw-tag,CRPG,0,2,-2,2,"Nevergrind, Terrinoth®: Heroes of Descent"
all-games,raw-tag,eSports,0,2,-2,2,"Snooker Billiard, Youth Academy"
all-games,raw-tag,Flight,0,2,-2,2,"The Wide Open Sky is Running out of Catfish, Beyond The Limits"
all-games,raw-tag,Lovecraftian,2,0,2,2,"Wall Of Insanity 2, BLOODLETTER"
all-games,raw-tag,Medical Sim,0,2,-2,2,"Responding, Microlandia"
all-games,raw-tag,Mining,2,0,2,2,"Raccoon Valley Tycoon, Duck Side of the Moon"
all-games,raw-tag,Naval Combat,2,0,2,2,"Penguin Pirates, Splash Adventure: The Maze of Morla"
all-games,raw-tag,RPGMaker,2,0,2,2,"SIONIC LOVE, The Inverted Tower"
all-games,raw-tag,Split Screen,0,2,-2,2,"Granblue Fantasy, Need for Speed Unbound"
all-games,raw-tag,Villain Protagonist,2,0,2,2,"Mr. Sleepy Man, The Dark Queen of Mortholme"
all-games,raw-tag,Action RTS,1,1,0,2,"Space Tales, Ashes of the Singularity II"
all-games,raw-tag,Alternate History,1,1,0,2,"FULL METAL COFFIN, Ashes of the Singularity II"
all-games,raw-tag,Conspiracy,1,1,0,2,"EONIA Revelations, [ABERRATION] THE ANALYST"
all-games,raw-tag,Design & Illustration,1,1,0,2,"Frutiger Home, Moving Day: Make It Home"
all-games,raw-tag,Diplomacy,1,1,0,2,"Microlandia, Under Protocol"
all-games,raw-tag,Electronic Music,1,1,0,2,"HYPERBEAT, Night Club Simulator: Party King"
all-games,raw-tag,Farming,1,1,0,2,"Rune Factory 5, My Heaven's Dale"
all-games,raw-tag,Farming Sim,1,1,0,2,"Hello World, Hotel Galactic"
all-games,raw-tag,Hacking,1,1,0,2,"Land Of Opportunities, Anti-Virus Squad"
all-games,raw-tag,Hex Grid,1,1,0,2,"Valefor 2, Dotu"
all-games,raw-tag,Hunting,1,1,0,2,"Habitat Toxica, SCUM"
all-games,raw-tag,Looter Shooter,1,1,0,2,"Blood Bear, Solo Build Leveling"
all-games,raw-tag,Mechs,1,1,0,2,"Aeons Echo, Celestial Fragments"
all-games,raw-tag,Memes,1,1,0,2,"Land Of Opportunities, Tomboy Supremacy City"
all-games,raw-tag,Minigames,1,1,0,2,"Mistbound, Cube Foundry"
all-games,raw-tag,MMORPG,1,1,0,2,"Echoes of Aincrad, 帝王霸业"
all-games,raw-tag,Mystery Dungeon,1,1,0,2,"PIT OF GOBLIN, Creation of a god: The Eternal Village"
all-games,raw-tag,Naval,1,1,0,2,"FULL METAL COFFIN, 郑成功传 Clash of Armadas: Koxinga"
all-games,raw-tag,On-Rails Shooter,1,1,0,2,"Hyperlane Highway, Kleopatra"
all-games,raw-tag,Open World Survival Craft,1,1,0,2,"Long Drive North: Co-Op RV Simulator, Neolithic Dawn"
all-games,raw-tag,Philosophical,1,1,0,2,Souls of the Dead
all-games,raw-tag,Roguevania,1,1,0,2,"Son-Hit Origins, 沙城争霸"
all-games,raw-tag,RTS,1,1,0,2,"Atre: Dominance Wars, Tears of Adria"
all-games,raw-tag,Software Training,1,1,0,2,Aimlabs
all-games,raw-tag,Sokoban,1,1,0,2,"Pathways & Poltergeists, MergePiece: Merge pixels into masterpieces"
all-games,raw-tag,Solitaire,1,1,0,2,"纵横麻将 Matrix Mahjong, Dotu"
all-games,raw-tag,Traditional Roguelike,1,1,0,2,"Gladiatory, The Clownhouse"
all-games,raw-tag,Voxel,1,1,0,2,"Long Drive North: Co-Op RV Simulator, Microlandia"
all-games,raw-tag,360 Video,1,0,1,1,PatchWorld
all-games,raw-tag,Ambient,1,0,1,1,PomoTrain: Rabbit Town
all-games,raw-tag,America,1,0,1,1,Speakeasy Simulator
all-games,raw-tag,Archery,0,1,-1,1,IRON SHADOW : Survival Protocol
all-games,raw-tag,Bikes,0,1,-1,1,Beat For Speed
all-games,raw-tag,Birds,1,0,1,1,Feathers Fallout
all-games,raw-tag,Boss Rush,0,1,-1,1,Anime FPS: Guns vs Magic
all-games,raw-tag,Chess,1,0,1,1,ChessBoyChess
all-games,raw-tag,Coding,1,0,1,1,Pixel Forge
all-games,raw-tag,Cold War,0,1,-1,1,Garfield Kart 2 - All You Can Drift
all-games,raw-tag,Cult Classic,0,1,-1,1,Shakes and Fidget
all-games,raw-tag,Cycling,0,1,-1,1,Beat For Speed
all-games,raw-tag,Detective,1,0,1,1,We need a doorman.
all-games,raw-tag,Dinosaurs,0,1,-1,1,BioMech Vendetta
all-games,raw-tag,Dog,0,1,-1,1,Habitat Toxica
all-games,raw-tag,Dwarf,1,0,1,1,Goldrot
all-games,raw-tag,Dynamic Narration,0,1,-1,1,One Way Mirror: AI
all-games,raw-tag,Elf,0,1,-1,1,Undead Tide: Light's Defense
all-games,raw-tag,Epic,1,0,1,1,成为皇帝！我的万亿美女星球帝国
all-games,raw-tag,Episodic,1,0,1,1,Unseen - Someone
all-games,raw-tag,Experience,1,0,1,1,Gridworld
all-games,raw-tag,Extraction Shooter,1,0,1,1,Madnessarum
all-games,raw-tag,Faith,1,0,1,1,Foul Deeds of Iblis
all-games,raw-tag,Fighting,1,0,1,1,Ninja Vs Bomb
all-games,raw-tag,Foreign,0,1,-1,1,Cardtonia
all-games,raw-tag,Game Development,1,0,1,1,PatchWorld
all-games,raw-tag,Golf,1,0,1,1,Super Serious Golf
all-games,raw-tag,Heist,0,1,-1,1,Absorber: Absorb Adapt Survive
all-games,raw-tag,Hero Shooter,1,0,1,1,STAR TALE: Odyssey One
all-games,raw-tag,Hockey,0,1,-1,1,Super Chaos
all-games,raw-tag,Horses,0,1,-1,1,Habitat Toxica
all-games,raw-tag,Intentionally Awkward Controls,0,1,-1,1,Super Chaos
all-games,raw-tag,JRPG,1,0,1,1,DopePie Survivors 3D
all-games,raw-tag,Jump Scare,0,1,-1,1,Flick
all-games,raw-tag,LEGO,0,1,-1,1,ワンコワンコ大作戦
all-games,raw-tag,Martial Arts,1,0,1,1,Battle Mutants
all-games,raw-tag,Mini Golf,0,1,-1,1,Don't Fall
all-games,raw-tag,MOBA,1,0,1,1,热血屠龙
all-games,raw-tag,Mouse only,1,0,1,1,Dark Age Dinos
all-games,raw-tag,Music-Based Procedural Generation,0,1,-1,1,Beat For Speed
all-games,raw-tag,Nostalgia,1,0,1,1,Thomas & Friends™: Wonders of Sodor
all-games,raw-tag,Parody,1,0,1,1,SWAPMEAT
all-games,raw-tag,Party,0,1,-1,1,Agent Versus
all-games,raw-tag,Politics,1,0,1,1,Life is Strange: Reunion
all-games,raw-tag,Real-Time,1,0,1,1,MMM Weird Adventure
all-games,raw-tag,Remake,1,0,1,1,DARK SOULS II: Scholar of the First Sin
all-games,raw-tag,Sailing,0,1,-1,1,郑成功传 Clash of Armadas: Koxinga
all-games,raw-tag,Space Sim,1,0,1,1,成为皇帝！我的万亿美女星球帝国
all-games,raw-tag,Spectacle fighter,1,0,1,1,MechaCap Arena
all-games,raw-tag,Steampunk,1,0,1,1,Lust Manor: Leona’s Secret
all-games,raw-tag,Superhero,0,1,-1,1,Hyperlane Highway
all-games,raw-tag,Swordplay,1,0,1,1,Dungeonfall
all-games,raw-tag,Trading Card Game,0,1,-1,1,BULK
all-games,raw-tag,Trains,0,1,-1,1,shapez 2
all-games,raw-tag,Typing,0,1,-1,1,Drop Not Allowed
all-games,raw-tag,Underground,0,1,-1,1,Field School
all-games,raw-tag,Unforgiving,1,0,1,1,Ball Pain
all-games,raw-tag,Word Game,0,1,-1,1,Under Protocol
all-games,raw-tag,World War II,0,1,-1,1,A Foreign World 🔞
all-games,theme,Other,468,461,7,929,"A Webbing Journey, Adrift: In the Corners of Time, Alder Forge 2"
all-games,theme,Indie & Casual,242,164,78,406,"A Webbing Journey, ARC_the beginning, Back To The Collis"
all-games,theme,Lifecycle & Business Model,125,112,13,237,"Boardlike, Dark Pixel, Deluge"
all-games,theme,Action & Combat,121,87,34,208,"Alder Forge 2, Fright Train, Giant’s Heart"
all-games,theme,Adventure & Story,107,77,30,184,"Alder Forge 2, Caribbean Tide, Cry of Fear"
all-games,theme,Play Modes & Social,107,74,33,181,"Code Velocity, Dark Age Dinos, Farm Renovator"
all-games,theme,Visual & Format,84,71,13,155,"Darwin's Paradox!, Fright Train, Frutiger Home"
all-games,theme,RPG & Fantasy,88,66,22,154,"Abyss Diver, Arkus, Atre: Dominance Wars"
all-games,theme,Simulation & Sandbox,78,61,17,139,"A Webbing Journey, Atre: Dominance Wars, DeadPoly"
all-games,theme,Strategy & Management,59,39,20,98,"Alder Forge 2, Hello World, Mind Flowers"
all-games,theme,Atmosphere & Horror,52,34,18,86,"Caribbean Tide, Homeless, Lens Of Fear"
all-games,theme,Sports & Racing,9,16,-7,25,"DETOUR, Hyperlane Highway, Machine Mind"
all-games,theme,Tech & AI,15,10,5,25,"Clair Obscur: Expedition 33, PatchWorld, ワンコワンコ大作戦"
