dimension_type,series_type,label,label_key,group_label,adds,removes,window_net,total_moves,early_avg_net,late_avg_net,momentum_delta,sample_apps
theme,theme,Action & Combat,action & combat,Action & Combat,121,87,34,208,1.2500,3.2500,2.0000,"Alder Forge 2, Fright Train, Giant’s Heart"
theme,theme,Adventure & Story,adventure & story,Adventure & Story,107,77,30,184,1.5000,2.7500,1.2500,"Alder Forge 2, Caribbean Tide, Cry of Fear"
theme,theme,Atmosphere & Horror,atmosphere & horror,Atmosphere & Horror,52,34,18,86,0.0000,2.5000,2.5000,"Caribbean Tide, Homeless, Lens Of Fear"
theme,theme,Indie & Casual,indie & casual,Indie & Casual,242,164,78,406,7.5000,5.2500,-2.2500,"A Webbing Journey, ARC_the beginning, Back To The Collis"
theme,theme,Lifecycle & Business Model,lifecycle & business model,Lifecycle & Business Model,125,112,13,237,-2.2500,7.0000,9.2500,"Boardlike, Dark Pixel, Deluge"
theme,theme,Other,other,Other,468,461,7,929,0.5000,-1.0000,-1.5000,"A Webbing Journey, Adrift: In the Corners of Time, Alder Forge 2"
theme,theme,Play Modes & Social,play modes & social,Play Modes & Social,107,74,33,181,1.2500,3.5000,2.2500,"Code Velocity, Dark Age Dinos, Farm Renovator"
theme,theme,RPG & Fantasy,rpg & fantasy,RPG & Fantasy,88,66,22,154,0.5000,4.7500,4.2500,"Abyss Diver, Arkus, Atre: Dominance Wars"
theme,theme,Simulation & Sandbox,simulation & sandbox,Simulation & Sandbox,78,61,17,139,-0.5000,1.2500,1.7500,"A Webbing Journey, Atre: Dominance Wars, DeadPoly"
theme,theme,Sports & Racing,sports & racing,Sports & Racing,9,16,-7,25,-0.5000,0.2500,0.7500,"DETOUR, Hyperlane Highway, Machine Mind"
theme,theme,Strategy & Management,strategy & management,Strategy & Management,59,39,20,98,1.0000,0.5000,-0.5000,"Alder Forge 2, Hello World, Mind Flowers"
theme,theme,Tech & AI,tech & ai,Tech & AI,15,10,5,25,-0.2500,1.5000,1.7500,"Clair Obscur: Expedition 33, PatchWorld, ワンコワンコ大作戦"
theme,theme,Visual & Format,visual & format,Visual & Format,84,71,13,155,1.0000,1.2500,0.2500,"Darwin's Paradox!, Fright Train, Frutiger Home"
genre,raw-genre,Accounting,accounting,Genres,0,1,-1,1,0.0000,-0.2500,-0.2500,Tender Loving Care
genre,raw-genre,Action,action,Genres,30,18,12,48,0.7500,1.2500,0.5000,"Hello World, Oh Ship!, Red: Flame & Fable"
genre,raw-genre,Adventure,adventure,Genres,37,14,23,51,1.7500,1.5000,-0.2500,"Alder Forge 2, Foul Deeds of Iblis, Red: Flame & Fable"
genre,raw-genre,Audio Production,audio production,Genres,0,1,-1,1,0.0000,-0.2500,-0.2500,Tender Loving Care
genre,raw-genre,Casual,casual,Genres,49,29,20,78,0.0000,1.7500,1.7500,"DETOUR, Nomad Drive, Project: Haste"
genre,raw-genre,Early Access,early access,Genres,66,65,1,131,-2.7500,4.2500,7.0000,"Boardlike, Night Light, Univoyager"
genre,raw-genre,Free to Play,free to play,Genres,41,25,16,66,0.7500,1.7500,1.0000,"Dark Pixel, Deluge, Dice Shaper"
genre,raw-genre,Indie,indie,Genres,59,14,45,73,4.5000,1.7500,-2.7500,"Flipping is Hard, Joker Madness 🃏, Lens Of Fear"
genre,raw-genre,Massively Multiplayer,massively multiplayer,Genres,7,6,1,13,-0.2500,0.7500,1.0000,"Farm Renovator, Nomad Drive, Spire of Ash"
genre,raw-genre,Nudity,nudity,Genres,0,1,-1,1,0.0000,-0.2500,-0.2500,Tender Loving Care
genre,raw-genre,Racing,racing,Genres,5,4,1,9,0.0000,0.2500,0.2500,"DETOUR, Hyperlane Highway, Machine Mind"
genre,raw-genre,RPG,rpg,Genres,26,17,9,43,-0.2500,2.5000,2.7500,"Abyss Diver, Arkus, Mhystaria"
genre,raw-genre,Sexual Content,sexual content,Genres,0,1,-1,1,0.0000,-0.2500,-0.2500,Tender Loving Care
genre,raw-genre,Simulation,simulation,Genres,23,24,-1,47,-0.5000,-0.5000,0.0000,"A Webbing Journey, DeadPoly, Flipping is Hard"
genre,raw-genre,Sports,sports,Genres,3,5,-2,8,-0.5000,0.2500,0.7500,"Gladiatory, Off World Racing, One more time"
genre,raw-genre,Strategy,strategy,Genres,30,16,14,46,0.5000,1.0000,0.5000,"Alder Forge 2, Hello World, Mind Flowers"
genre,raw-genre,Violent,violent,Genres,0,1,-1,1,0.0000,-0.2500,-0.2500,Titanic: Adventure Out Of Time
tag,raw-tag,1980s,1980s,Other,4,2,2,6,0.2500,0.0000,-0.2500,"An Odd Walk: Shinjuku Alley, BROTANK, MergePiece: Merge pixels into masterpieces"
tag,raw-tag,1990's,1990's,Other,5,8,-3,13,0.2500,-0.2500,-0.5000,"Space Elite Force II, Dungeonfall, Coin Pusher Casino"
tag,raw-tag,2.5D,2.5d,Other,5,1,4,6,0.2500,0.0000,-0.2500,"Highrise: Avatar & Social World, Cantarella: Dominion of Qualia, Loot Goblin"
tag,raw-tag,2D,2d,Visual & Format,18,14,4,32,-0.7500,0.5000,1.2500,"Red: Flame & Fable, Bones and Coins, Dogwood"
tag,raw-tag,2D Fighter,2d fighter,Other,1,2,-1,3,0.0000,-0.2500,-0.2500,"Dungeonfall, KungPaw, Armageddon Onslaught"
tag,raw-tag,2D Platformer,2d platformer,Other,2,6,-4,8,0.0000,-0.5000,-0.5000,"Hakimi Blaster - Hakimi Survivors, Mask of Soul, StarSavior"
tag,raw-tag,360 Video,360 video,Other,1,0,1,1,0.0000,0.2500,0.2500,PatchWorld
tag,raw-tag,3D,3d,Visual & Format,21,27,-6,48,0.2500,-0.5000,-0.7500,"Hope in the City, Hyperlane Highway, INDOORS"
tag,raw-tag,3D Fighter,3d fighter,Other,1,2,-1,3,0.2500,-0.2500,-0.5000,"Plucked Up, One more time, Elementers"
tag,raw-tag,3D Platformer,3d platformer,Other,8,5,3,13,-0.2500,0.7500,1.0000,"Lens Of Fear, StarSavior, The Secret Story Night Shift"
tag,raw-tag,4 Player Local,4 player local,Other,1,2,-1,3,0.0000,-0.2500,-0.2500,"Kingdomino, The Left Behind, Biped 2"
tag,raw-tag,4X,4x,Other,0,3,-3,3,0.0000,-0.2500,-0.2500,"Virtualord, The Virtual Conqueror, College Basketball Manager, Grand Cru: The Wine Maker"
tag,raw-tag,6DOF,6dof,Other,0,2,-2,2,0.0000,-0.2500,-0.2500,"Neolithic Dawn, AI.VI"
tag,raw-tag,Abstract,abstract,Other,4,6,-2,10,0.5000,-0.2500,-0.7500,"Kaz, DopePie Survivors 3D, EONIA Revelations"
tag,raw-tag,Action,action,Action & Combat,24,31,-7,55,-0.2500,-0.7500,-0.5000,"Giant’s Heart, Hello World, Kleopatra"
tag,raw-tag,Action Roguelike,action roguelike,Other,10,12,-2,22,0.5000,-0.2500,-0.7500,"Kleopatra, Siege of Acres, Super Chaos"
tag,raw-tag,Action RPG,action rpg,Other,8,9,-1,17,0.2500,-0.5000,-0.7500,"The Secret Story Night Shift, Dungeonfall, Law of Demons"
tag,raw-tag,Action RTS,action rts,Other,1,1,0,2,0.0000,-0.2500,-0.2500,"Space Tales, Ashes of the Singularity II"
tag,raw-tag,Action-Adventure,action-adventure,Action & Combat,18,25,-7,43,0.0000,-0.5000,-0.5000,"Smoking Gun, The Secret Story 1996, ワンコワンコ大作戦"
tag,raw-tag,Adventure,adventure,Adventure & Story,27,34,-7,61,-0.5000,-0.5000,0.0000,"Alder Forge 2, Caribbean Tide, PatchWorld"
tag,raw-tag,Agriculture,agriculture,Other,2,4,-2,6,0.0000,-0.2500,-0.2500,"Souls of the Dead, My Heaven's Dale, Raccoon Valley Tycoon"
tag,raw-tag,Aliens,aliens,Other,1,3,-2,4,-0.2500,-0.5000,-0.2500,"Piroot, Galactic Heroes: The Enchanted Forest, Cosmic Gold Rush"
tag,raw-tag,Alternate History,alternate history,Other,1,1,0,2,0.0000,0.2500,0.2500,"FULL METAL COFFIN, Ashes of the Singularity II"
tag,raw-tag,Ambient,ambient,Other,1,0,1,1,0.0000,0.2500,0.2500,PomoTrain: Rabbit Town
tag,raw-tag,America,america,Other,1,0,1,1,0.0000,0.0000,0.0000,Speakeasy Simulator
tag,raw-tag,Anime,anime,Other,4,3,1,7,0.0000,-0.5000,-0.5000,"Super Serious Golf, BioMech Vendetta, DopePie Survivors 3D"
tag,raw-tag,Arcade,arcade,Action & Combat,19,5,14,24,0.7500,0.7500,0.0000,"Fright Train, Hakimi Blaster - Hakimi Survivors, Kleopatra"
tag,raw-tag,Archery,archery,Other,0,1,-1,1,0.0000,0.0000,0.0000,IRON SHADOW : Survival Protocol
tag,raw-tag,Arena Shooter,arena shooter,Other,5,1,4,6,0.0000,0.2500,0.2500,"Super Chaos, Sphere Fight, Bamboozle"
tag,raw-tag,Artificial Intelligence,artificial intelligence,Tech & AI,15,10,5,25,-0.2500,1.5000,1.7500,"Clair Obscur: Expedition 33, PatchWorld, ワンコワンコ大作戦"
tag,raw-tag,Asynchronous Multiplayer,asynchronous multiplayer,Other,2,1,1,3,0.0000,0.2500,0.2500,"Hello World, DopeNet, Valefor 2"
tag,raw-tag,Atmospheric,atmospheric,Atmosphere & Horror,30,16,14,46,0.7500,1.7500,1.0000,"Caribbean Tide, Race Jam, The Secret Story Night Shift"
tag,raw-tag,Auto Battler,auto battler,Other,2,2,0,4,0.2500,0.0000,-0.2500,"Golemworks, Slimes and Arrows, Atre: Dominance Wars"
tag,raw-tag,Automation,automation,Other,4,1,3,5,0.0000,0.0000,0.0000,"Machine Mind, Drop Not Allowed, Pathways & Poltergeists"
tag,raw-tag,Automobile Sim,automobile sim,Other,2,1,1,3,0.2500,0.0000,-0.2500,"Responding, One more time, Speed Boom"
tag,raw-tag,Base Building,base building,Other,8,5,3,13,-0.2500,0.7500,1.0000,"Hello World, Siege of Acres, Habitat Toxica"
tag,raw-tag,Battle Royale,battle royale,Other,2,1,1,3,0.2500,0.2500,0.0000,"ALTERA, One more time"
tag,raw-tag,Beat 'em up,beat 'em up,Other,2,2,0,4,0.2500,0.0000,-0.2500,"Super Chaos, Checkout Blitz: The Shopping Dead, Papered"
tag,raw-tag,Bikes,bikes,Other,0,1,-1,1,0.0000,-0.2500,-0.2500,Beat For Speed
tag,raw-tag,Birds,birds,Other,1,0,1,1,0.0000,0.0000,0.0000,Feathers Fallout
tag,raw-tag,Board Game,board game,Other,1,2,-1,3,0.0000,0.2500,0.2500,"Puzzle Car, Mega Deal Card, Fine Dying"
tag,raw-tag,Boomer Shooter,boomer shooter,Other,3,0,3,3,0.2500,0.2500,0.0000,"Thug Life, GRIMPS, Ninja Vs Bomb"
tag,raw-tag,Boss Rush,boss rush,Other,0,1,-1,1,0.0000,0.0000,0.0000,Anime FPS: Guns vs Magic
tag,raw-tag,Building,building,Other,5,9,-4,14,-0.7500,0.2500,1.0000,"Extreme Forklifting 3, Hello World, Mothership Down"
tag,raw-tag,Bullet Hell,bullet hell,Other,10,4,6,14,0.5000,0.0000,-0.5000,"Apple Man Sam, Demon Hunters, Hyperlane Highway"
tag,raw-tag,Bullet Time,bullet time,Other,4,1,3,5,0.0000,0.5000,0.5000,"Hyperlane Highway, LEAF, Kleopatra"
tag,raw-tag,Capitalism,capitalism,Other,2,1,1,3,0.0000,0.5000,0.5000,"Land Of Opportunities, Raccoon Valley Tycoon, Big Dig"
tag,raw-tag,Card Battler,card battler,Other,2,1,1,3,0.0000,0.0000,0.0000,"Valefor 2, Out of the Park Baseball 27, Joker Madness 🃏"
tag,raw-tag,Card Game,card game,Other,3,0,3,3,0.2500,0.5000,0.2500,"Dicebinder, Sexorcism: Lust Confession, Ritualist"
tag,raw-tag,Cartoon,cartoon,Other,5,7,-2,12,0.0000,-0.2500,-0.2500,"The Secret Story Night Shift, Blenderman, Clicker Clicker Treasure Picker"
tag,raw-tag,Cartoony,cartoony,Other,10,8,2,18,0.2500,0.0000,-0.2500,"Fright Train, Race Jam, Blenderman"
tag,raw-tag,Casual,casual,Indie & Casual,33,32,1,65,-0.5000,-1.0000,-0.5000,"A Webbing Journey, DETOUR, Greed Hunters"
tag,raw-tag,Cats,cats,Other,3,2,1,5,0.0000,-0.5000,-0.5000,"My NEET Life, Habitat Toxica, Blacksad: Under the Skin"
tag,raw-tag,Character Action Game,character action game,Other,0,2,-2,2,0.0000,-0.5000,-0.5000,"ワンコワンコ大作戦, Dogwood"
tag,raw-tag,Character Customization,character customization,RPG & Fantasy,14,10,4,24,-0.2500,1.0000,1.2500,"Fright Train, Hyperlane Highway, Siege of Acres"
tag,raw-tag,Chess,chess,Other,1,0,1,1,0.0000,0.2500,0.2500,ChessBoyChess
tag,raw-tag,Choices Matter,choices matter,Adventure & Story,20,16,4,36,0.0000,-0.2500,-0.2500,"Caribbean Tide, Hakimi Blaster - Hakimi Survivors, Dicebinder"
tag,raw-tag,Choose Your Own Adventure,choose your own adventure,Other,4,5,-1,9,0.0000,-0.5000,-0.5000,"PatchWorld, Fool's Court, Moonlight Apothecary"
tag,raw-tag,Cinematic,cinematic,Other,8,6,2,14,0.0000,0.2500,0.2500,"Hope in the City, Red: Flame & Fable, The Secret Story 1996"
tag,raw-tag,City Builder,city builder,Other,2,2,0,4,0.0000,0.0000,0.0000,"Capitaland, MonsterCare, Goldrot"
tag,raw-tag,Class-Based,class-based,Other,1,2,-1,3,0.0000,-0.2500,-0.2500,"Demon Hunters, Granblue Fantasy, Drag Racing 3D: Streets 2"
tag,raw-tag,Classic,classic,Other,2,1,1,3,0.0000,0.0000,0.0000,"Mystery at Morgoth, The Curse of Feldar Vale, Shakes and Fidget"
tag,raw-tag,Clicker,clicker,Other,9,2,7,11,0.0000,1.0000,1.0000,"Defend Your Land, Newton Coin Web3, PomoTrain: Rabbit Town"
tag,raw-tag,Co-op,co-op,Play Modes & Social,18,14,4,32,0.0000,-0.5000,-0.5000,"Code Velocity, Frutiger Home, KILLGUN"
tag,raw-tag,Co-op Campaign,co-op campaign,Other,4,5,-1,9,0.0000,-0.2500,-0.2500,"Dark Age Dinos, Hello World, Souls of the Dead"
tag,raw-tag,Coding,coding,Other,1,0,1,1,0.0000,0.0000,0.0000,Pixel Forge
tag,raw-tag,Cold War,cold war,Other,0,1,-1,1,0.0000,0.0000,0.0000,Garfield Kart 2 - All You Can Drift
tag,raw-tag,Collectathon,collectathon,Other,4,5,-1,9,-0.2500,-0.2500,0.0000,"The Secret Story Night Shift, Tiny Train Tycoon, The King's Magic"
tag,raw-tag,Colony Sim,colony sim,Other,3,1,2,4,0.0000,-0.2500,-0.2500,"Crown of Greed, GlagStone, All Roads Connected"
tag,raw-tag,Colorful,colorful,Indie & Casual,23,23,0,46,-0.7500,-0.7500,0.0000,"Hyperlane Highway, Impact to the Head, Mothership Down"
tag,raw-tag,Combat,combat,Action & Combat,17,14,3,31,0.0000,-0.7500,-0.7500,"Hello World, Hyperlane Highway, Mask of Soul"
tag,raw-tag,Combat Racing,combat racing,Other,2,1,1,3,0.0000,0.0000,0.0000,"Garfield Kart 2 - All You Can Drift, MechaCap Arena, One more time"
tag,raw-tag,Comedy,comedy,Indie & Casual,10,18,-8,28,-0.2500,-1.5000,-1.2500,"Hakimi Blaster - Hakimi Survivors, Race Jam, DEADLINE DELIVERY"
tag,raw-tag,Comic Book,comic book,Other,1,2,-1,3,0.0000,-0.2500,-0.2500,"Race Jam, Kleopatra, The Angel's Devil Tail - One More Question 2"
tag,raw-tag,Competitive,competitive,Other,4,1,3,5,0.2500,0.5000,0.2500,"Drag Racing 3D: Streets 2, Out of the Park Baseball 27, Penguin Pirates"
tag,raw-tag,Conspiracy,conspiracy,Other,1,1,0,2,0.2500,0.0000,-0.2500,"EONIA Revelations, [ABERRATION] THE ANALYST"
tag,raw-tag,Controller,controller,Other,10,13,-3,23,-0.2500,-0.2500,0.0000,"Lens Of Fear, Piroot, 86'd"
tag,raw-tag,Conversation,conversation,Other,5,3,2,8,-0.2500,0.5000,0.7500,"Fate's Masquerade: Otome Visual Novel, Law of Demons, Highrise: Avatar & Social World"
tag,raw-tag,Cooking,cooking,Other,4,3,1,7,0.0000,0.0000,0.0000,"Plucked Up, VirtualSociety, Moonlight Apothecary"
tag,raw-tag,Cozy,cozy,Indie & Casual,13,1,12,14,0.2500,1.7500,1.5000,"Settle, Kingdomino, Professional Cats"
tag,raw-tag,Crafting,crafting,Other,8,10,-2,18,-0.5000,0.5000,1.0000,"Hello World, 帝王霸业, Habitat Toxica"
tag,raw-tag,Creature Collector,creature collector,Other,5,1,4,6,0.2500,0.0000,-0.2500,"Chippu, TCG Card Shop Simulator, The Wide Open Sky is Running out of Catfish"
tag,raw-tag,Crime,crime,Other,4,0,4,4,0.0000,0.2500,0.2500,"DopeNet, Speakeasy Simulator, Beyond The Limits"
tag,raw-tag,CRPG,crpg,Other,0,2,-2,2,0.0000,0.0000,0.0000,"Nevergrind, Terrinoth®: Heroes of Descent"
tag,raw-tag,Cult Classic,cult classic,Other,0,1,-1,1,0.0000,0.0000,0.0000,Shakes and Fidget
tag,raw-tag,Cute,cute,Indie & Casual,15,13,2,28,0.2500,1.0000,0.7500,"Back To The Collis, Dark Age Dinos, Settle"
tag,raw-tag,Cyberpunk,cyberpunk,Other,9,4,5,13,0.2500,0.7500,0.5000,"SWAPMEAT, Aeons Echo, Ark Re:Code"
tag,raw-tag,Cycling,cycling,Other,0,1,-1,1,0.0000,-0.2500,-0.2500,Beat For Speed
tag,raw-tag,Dark,dark,Atmosphere & Horror,16,13,3,29,-0.5000,0.0000,0.5000,"Lens Of Fear, Siege of Acres, Smoking Gun"
tag,raw-tag,Dark Comedy,dark comedy,Other,2,1,1,3,0.0000,0.0000,0.0000,"Fine Dying, Mousebusters, Regret To Inform"
tag,raw-tag,Dark Fantasy,dark fantasy,Other,4,9,-5,13,-0.2500,-0.5000,-0.2500,"Dicebinder, Law of Demons, Valefor 2"
tag,raw-tag,Dark Humor,dark humor,Other,5,4,1,9,0.0000,-0.2500,-0.2500,"Under Protocol, Souls of the Dead, The King's Magic"
tag,raw-tag,Dating Sim,dating sim,Other,4,2,2,6,-0.2500,0.2500,0.5000,"Machine Child, I Opened an Idle Bar So I Can GOON to HOT GIRLS, Lust's Cupid"
tag,raw-tag,Deckbuilding,deckbuilding,Other,5,1,4,6,0.0000,0.7500,0.7500,"Valefor 2, Bones and Coins, STAB!"
tag,raw-tag,Demons,demons,Other,5,9,-4,14,0.0000,-0.2500,-0.2500,"Foul Deeds of Iblis, Fright Train, Lens Of Fear"
tag,raw-tag,Design & Illustration,design & illustration,Other,1,1,0,2,0.0000,0.2500,0.2500,"Frutiger Home, Moving Day: Make It Home"
tag,raw-tag,Destruction,destruction,Other,1,3,-2,4,0.0000,-0.5000,-0.5000,"Extreme Forklifting 3, Plucked Up, Super Chaos"
tag,raw-tag,Detective,detective,Other,1,0,1,1,0.0000,0.0000,0.0000,We need a doorman.
tag,raw-tag,Difficult,difficult,Action & Combat,20,6,14,26,0.0000,1.5000,1.5000,"Project Roll, Siege of Acres, Aimlabs"
tag,raw-tag,Dinosaurs,dinosaurs,Other,0,1,-1,1,0.0000,-0.2500,-0.2500,BioMech Vendetta
tag,raw-tag,Diplomacy,diplomacy,Other,1,1,0,2,0.0000,0.0000,0.0000,"Microlandia, Under Protocol"
tag,raw-tag,Dog,dog,Other,0,1,-1,1,0.0000,-0.2500,-0.2500,Habitat Toxica
tag,raw-tag,Dragons,dragons,Other,3,1,2,4,-0.2500,0.0000,0.2500,"Tears of Adria, Undead Tide: Light's Defense, 热血屠龙"
tag,raw-tag,Drama,drama,Other,5,9,-4,14,-0.5000,0.5000,1.0000,"The Secret Story 1996, The Secret Story Night Shift, 成为皇帝！我的万亿美女星球帝国"
tag,raw-tag,Driving,driving,Other,4,0,4,4,0.0000,0.5000,0.5000,"Without A Hitch, Drag Racing 3D: Streets 2, Responding"
tag,raw-tag,Dungeon Crawler,dungeon crawler,Other,5,6,-1,11,0.0000,0.0000,0.0000,"Siege of Acres, 帝王霸业, Dicebinder"
tag,raw-tag,Dwarf,dwarf,Other,1,0,1,1,0.2500,0.0000,-0.2500,Goldrot
tag,raw-tag,Dynamic Narration,dynamic narration,Other,0,1,-1,1,0.0000,0.0000,0.0000,One Way Mirror: AI
tag,raw-tag,Dystopian,dystopian,Other,1,6,-5,7,0.0000,-0.7500,-0.7500,"DopeNet, Ark Re:Code, Angel Roulette"
tag,raw-tag,Early Access,early access,Lifecycle & Business Model,37,35,2,72,-0.5000,0.7500,1.2500,"MY HERO : Before the Conquest, Night Light, 鱼肠剑与绣春刀 "
tag,raw-tag,Economy,economy,Other,5,5,0,10,0.0000,0.2500,0.2500,"Drag Racing 3D: Streets 2, Land Of Opportunities, Raccoon Valley Tycoon"
tag,raw-tag,Education,education,Other,3,4,-1,7,-0.2500,0.5000,0.7500,"Aimlabs, One in a Thousand: Clover Book, Responding"
tag,raw-tag,Electronic Music,electronic music,Other,1,1,0,2,0.2500,0.0000,-0.2500,"HYPERBEAT, Night Club Simulator: Party King"
tag,raw-tag,Elf,elf,Other,0,1,-1,1,0.0000,0.0000,0.0000,Undead Tide: Light's Defense
tag,raw-tag,Emotional,emotional,Other,9,4,5,13,0.2500,0.7500,0.5000,"The Assessment, Umamusume: Pretty Derby, Dogwood"
tag,raw-tag,Epic,epic,Other,1,0,1,1,0.0000,0.2500,0.2500,成为皇帝！我的万亿美女星球帝国
tag,raw-tag,Episodic,episodic,Other,1,0,1,1,0.0000,0.0000,0.0000,Unseen - Someone
tag,raw-tag,eSports,esports,Other,0,2,-2,2,0.0000,-0.5000,-0.5000,"Snooker Billiard, Youth Academy"
tag,raw-tag,Experience,experience,Other,1,0,1,1,0.0000,0.0000,0.0000,Gridworld
tag,raw-tag,Experimental,experimental,Other,3,0,3,3,0.2500,0.2500,0.0000,"Chaosfall, Biocybernetic Trap, Ringbound"
tag,raw-tag,Exploration,exploration,Adventure & Story,17,13,4,30,-0.2500,1.2500,1.5000,"Greed Hunters, Isle of Food, IT Solutions"
tag,raw-tag,Extraction Shooter,extraction shooter,Other,1,0,1,1,0.0000,0.2500,0.2500,Madnessarum
tag,raw-tag,Faith,faith,Other,1,0,1,1,0.0000,0.2500,0.2500,Foul Deeds of Iblis
tag,raw-tag,Family Friendly,family friendly,Indie & Casual,14,10,4,24,0.2500,0.7500,0.5000,"ARC_the beginning, Space Elite Force II, Space Smash"
tag,raw-tag,Fantasy,fantasy,RPG & Fantasy,11,18,-7,29,0.0000,-0.5000,-0.5000,"成为皇帝！我的万亿美女星球帝国, Kingdomino, Loot Goblin"
tag,raw-tag,Farming,farming,Other,1,1,0,2,0.0000,0.0000,0.0000,"Rune Factory 5, My Heaven's Dale"
tag,raw-tag,Farming Sim,farming sim,Other,1,1,0,2,0.0000,0.2500,0.2500,"Hello World, Hotel Galactic"
tag,raw-tag,Fast-Paced,fast-paced,Other,8,5,3,13,0.5000,0.0000,-0.5000,"Aimlabs, DEADLINE DELIVERY, Super Chaos"
tag,raw-tag,Female Protagonist,female protagonist,Other,7,6,1,13,0.2500,0.2500,0.0000,"INDOORS, Bullet Ouroboros, Phantom Breaker: Omnia"
tag,raw-tag,Fighting,fighting,Other,1,0,1,1,0.2500,0.0000,-0.2500,Ninja Vs Bomb
tag,raw-tag,First-Person,first-person,Other,5,9,-4,14,0.0000,-0.5000,-0.5000,"The Secret Story Night Shift, Snooker Billiard, IT Solutions"
tag,raw-tag,Fishing,fishing,Other,2,1,1,3,0.0000,0.2500,0.2500,"Isle of Food, Dogwood, My Heaven's Dale"
tag,raw-tag,Flight,flight,Other,0,2,-2,2,0.0000,0.0000,0.0000,"The Wide Open Sky is Running out of Catfish, Beyond The Limits"
tag,raw-tag,Foreign,foreign,Other,0,1,-1,1,0.0000,-0.2500,-0.2500,Cardtonia
tag,raw-tag,FPS,fps,Other,5,5,0,10,0.2500,0.0000,-0.2500,"Hyperlane Highway, The Secret Story Night Shift, 成为皇帝！我的万亿美女星球帝国"
tag,raw-tag,Free to Play,free to play,Lifecycle & Business Model,31,6,25,37,0.2500,4.0000,3.7500,"Mahjong Fest: Sakura Garden, コインスロット, 帝王霸业"
tag,raw-tag,Funny,funny,Indie & Casual,18,14,4,32,1.2500,0.5000,-0.7500,"Dark Age Dinos, Hakimi Blaster - Hakimi Survivors, Isle of Food"
tag,raw-tag,Futuristic,futuristic,Other,9,8,1,17,0.2500,0.0000,-0.2500,"FULL METAL COFFIN, Hello World, Hyperlane Highway"
tag,raw-tag,Gambling,gambling,Other,1,19,-18,20,0.0000,-4.0000,-4.0000,"Dicesworn, Shells Shooter, Pegs X Stickers"
tag,raw-tag,Game Development,game development,Other,1,0,1,1,0.0000,0.2500,0.2500,PatchWorld
tag,raw-tag,God Game,god game,Other,1,2,-1,3,0.0000,0.0000,0.0000,"Gridworld, Weyrdlets 2.0 : Desktop Pets, 帝王霸业"
tag,raw-tag,Golf,golf,Other,1,0,1,1,0.0000,0.2500,0.2500,Super Serious Golf
tag,raw-tag,Gore,gore,Other,3,4,-1,7,0.2500,-0.2500,-0.5000,"Law of Demons, Yurei: Ink of the Damned, Azazel Gamble 阿撒兹勒赌局"
tag,raw-tag,Gothic,gothic,Other,2,1,1,3,0.0000,-0.2500,-0.2500,"Gladiatory, Fine Dying, The Dark Queen of Mortholme"
tag,raw-tag,Grand Strategy,grand strategy,Other,0,3,-3,3,0.0000,0.0000,0.0000,"College Basketball Manager, Songs of Silence, Grand Cru: The Wine Maker"
tag,raw-tag,Great Soundtrack,great soundtrack,Other,7,2,5,9,0.0000,0.7500,0.7500,"Kleopatra, 成为皇帝！我的万亿美女星球帝国, Umamusume: Pretty Derby"
tag,raw-tag,Grid-Based Movement,grid-based movement,Other,4,4,0,8,0.0000,-0.7500,-0.7500,"Kingdomino, Axona, Gentoo Rescue"
tag,raw-tag,Gun Customization,gun customization,Other,1,4,-3,5,-0.2500,-0.2500,0.0000,"Chop Chains, Responding, Sphere Fight"
tag,raw-tag,Hack and Slash,hack and slash,Other,8,4,4,12,0.2500,0.5000,0.2500,"Dungeonfall, Law of Demons, Kleopatra"
tag,raw-tag,Hacking,hacking,Other,1,1,0,2,0.0000,0.2500,0.2500,"Land Of Opportunities, Anti-Virus Squad"
tag,raw-tag,Hand-drawn,hand-drawn,Other,5,8,-3,13,-0.2500,-1.0000,-0.7500,"Back To The Collis, Dark Age Dinos, Mask of Soul"
tag,raw-tag,Heist,heist,Other,0,1,-1,1,-0.2500,0.0000,0.2500,Absorber: Absorb Adapt Survive
tag,raw-tag,Hentai,hentai,Other,11,5,6,16,0.5000,0.5000,0.0000,"Cry of Fear, Poker Night at the Inventory, SPLITGATE: Arena Reloaded"
tag,raw-tag,Hero Shooter,hero shooter,Other,1,0,1,1,0.0000,0.0000,0.0000,STAR TALE: Odyssey One
tag,raw-tag,Hex Grid,hex grid,Other,1,1,0,2,0.0000,-0.2500,-0.2500,"Valefor 2, Dotu"
tag,raw-tag,Hidden Object,hidden object,Other,2,5,-3,7,-0.2500,0.0000,0.2500,"Hope in the City, Settle, Shroud of Gloom"
tag,raw-tag,Historical,historical,Other,3,3,0,6,0.0000,-0.2500,-0.2500,"Caribbean Tide, Settle, 郑成功传 Clash of Armadas: Koxinga"
tag,raw-tag,Hockey,hockey,Other,0,1,-1,1,0.0000,0.0000,0.0000,Super Chaos
tag,raw-tag,Horror,horror,Other,10,8,2,18,0.0000,0.0000,0.0000,"Fright Train, The Secret Story Night Shift, DEATH STRANDING 2: ON THE BEACH"
tag,raw-tag,Horses,horses,Other,0,1,-1,1,0.0000,-0.2500,-0.2500,Habitat Toxica
tag,raw-tag,Hunting,hunting,Other,1,1,0,2,0.0000,-0.2500,-0.2500,"Habitat Toxica, SCUM"
tag,raw-tag,Idler,idler,Other,6,1,5,7,0.2500,0.7500,0.5000,"Second Chance at a Billion, 热血屠龙, Coin Pusher Casino"
tag,raw-tag,Immersive,immersive,Other,4,1,3,5,0.2500,0.0000,-0.2500,"Kingdomino, Desserted, We need a doorman."
tag,raw-tag,Immersive Sim,immersive sim,Other,4,8,-4,12,0.0000,-0.7500,-0.7500,"Extreme Forklifting 3, The Secret Story 1996, The Secret Story Night Shift"
tag,raw-tag,Indie,indie,Indie & Casual,67,41,26,108,3.0000,1.5000,-1.5000,"Clair Obscur: Expedition 33, Frutiger Home, Hello World"
tag,raw-tag,Intentionally Awkward Controls,intentionally awkward controls,Other,0,1,-1,1,0.0000,0.0000,0.0000,Super Chaos
tag,raw-tag,Interactive Fiction,interactive fiction,Other,11,8,3,19,-0.5000,0.5000,1.0000,"Hope in the City, The Secret Story Night Shift, The Three Kingdoms of Shadows: Xuzhou"
tag,raw-tag,Inventory Management,inventory management,Other,11,11,0,22,0.5000,-0.7500,-1.2500,"Fright Train, Hello World, Sexorcism: Lust Confession"
tag,raw-tag,Investigation,investigation,Other,6,3,3,9,0.0000,0.2500,0.2500,"The Assessment, The Secret Story Night Shift, Drop Not Allowed"
tag,raw-tag,Isometric,isometric,Other,7,5,2,12,-0.2500,1.2500,1.5000,"Machine Mind, Settle, Thug Life"
tag,raw-tag,Job Simulator,job simulator,Simulation & Sandbox,16,3,13,19,0.2500,0.7500,0.5000,"Extreme Forklifting 3, 86'd, Mermaids are Seafood"
tag,raw-tag,JRPG,jrpg,Other,1,0,1,1,0.0000,0.0000,0.0000,DopePie Survivors 3D
tag,raw-tag,Jump Scare,jump scare,Other,0,1,-1,1,0.0000,0.0000,0.0000,Flick
tag,raw-tag,LEGO,lego,Other,0,1,-1,1,0.0000,-0.2500,-0.2500,ワンコワンコ大作戦
tag,raw-tag,Level Editor,level editor,Other,6,6,0,12,0.0000,-0.5000,-0.5000,"The Secret Story 1996, 戚继光 Qi Jiguang: Art of War, Aimlabs"
tag,raw-tag,LGBTQ+,lgbtq+,Other,9,8,1,17,0.0000,-0.2500,-0.2500,"Rune Factory 5, SILENT HILL: Townfall, Sexorcism: Lust Confession"
tag,raw-tag,Life Sim,life sim,Other,4,7,-3,11,-0.2500,-0.2500,0.0000,"Extreme Forklifting 3, The Secret Story Night Shift, Land Of Opportunities"
tag,raw-tag,Linear,linear,Other,5,14,-9,19,-0.5000,-0.7500,-0.2500,"Caribbean Tide, Smoking Gun, Blenderman"
tag,raw-tag,Local Co-Op,local co-op,Other,4,4,0,8,-0.2500,0.0000,0.2500,"Hello World, Space Elite Force II, 戚继光 Qi Jiguang: Art of War"
tag,raw-tag,Local Multiplayer,local multiplayer,Other,11,9,2,20,0.5000,1.0000,0.5000,"Adrift: In the Corners of Time, 郑成功传 Clash of Armadas: Koxinga, Kingdomino"
tag,raw-tag,Logic,logic,Other,1,3,-2,4,0.0000,-0.2500,-0.2500,"PatchWorld, Pathways & Poltergeists, Blacksad: Under the Skin"
tag,raw-tag,Loot,loot,Other,8,6,2,14,0.0000,-0.2500,-0.2500,"Hyperlane Highway, Dungeonfall, Valefor 2"
tag,raw-tag,Looter Shooter,looter shooter,Other,1,1,0,2,0.0000,0.0000,0.0000,"Blood Bear, Solo Build Leveling"
tag,raw-tag,Lore-Rich,lore-rich,Other,6,3,3,9,0.0000,0.5000,0.5000,"成为皇帝！我的万亿美女星球帝国, Crown of the Nile: Cleopatra's Choice, EONIA Revelations"
tag,raw-tag,Lovecraftian,lovecraftian,Other,2,0,2,2,0.0000,0.0000,0.0000,"Wall Of Insanity 2, BLOODLETTER"
tag,raw-tag,Magic,magic,Other,10,6,4,16,0.0000,1.5000,1.5000,"Dark Age Dinos, 帝王霸业, Demon Hunters"
tag,raw-tag,Management,management,Strategy & Management,14,5,9,19,0.5000,0.7500,0.2500,"86'd, Loot Goblin, Valefor 2"
tag,raw-tag,Martial Arts,martial arts,Other,1,0,1,1,0.0000,0.0000,0.0000,Battle Mutants
tag,raw-tag,Massively Multiplayer,massively multiplayer,Play Modes & Social,4,1,3,5,0.0000,0.2500,0.2500,"Madnessarum, Glenwich Idle MMO, KeepUp Survival"
tag,raw-tag,Mature,mature,Other,5,1,4,6,0.5000,0.2500,-0.2500,"被击垮而堕落的强气人妻, Blacksad: Under the Skin, Deadset Darling"
tag,raw-tag,Mechs,mechs,Other,1,1,0,2,0.0000,-0.2500,-0.2500,"Aeons Echo, Celestial Fragments"
tag,raw-tag,Medical Sim,medical sim,Other,0,2,-2,2,0.0000,0.0000,0.0000,"Responding, Microlandia"
tag,raw-tag,Medieval,medieval,RPG & Fantasy,11,3,8,14,0.2500,1.0000,0.7500,"Giant’s Heart, 星火燎原, 86'd"
tag,raw-tag,Memes,memes,Other,1,1,0,2,0.0000,0.2500,0.2500,"Land Of Opportunities, Tomboy Supremacy City"
tag,raw-tag,Metroidvania,metroidvania,Other,2,2,0,4,0.0000,0.0000,0.0000,"HYDROPUNK, Armageddon Onslaught, GRIMPS"
tag,raw-tag,Military,military,Other,1,3,-2,4,-0.5000,0.2500,0.7500,"FULL METAL COFFIN, 帝王霸业, Gigantes Ex Machina"
tag,raw-tag,Mini Golf,mini golf,Other,0,1,-1,1,0.0000,0.0000,0.0000,Don't Fall
tag,raw-tag,Minigames,minigames,Other,1,1,0,2,0.0000,-0.2500,-0.2500,"Mistbound, Cube Foundry"
tag,raw-tag,Minimalist,minimalist,Other,11,8,3,19,0.0000,0.5000,0.5000,"Second Chance at a Billion, Tiny Train Tycoon, Under Protocol"
tag,raw-tag,Mining,mining,Other,2,0,2,2,0.0000,0.2500,0.2500,"Raccoon Valley Tycoon, Duck Side of the Moon"
tag,raw-tag,MMORPG,mmorpg,Other,1,1,0,2,0.0000,0.0000,0.0000,"Echoes of Aincrad, 帝王霸业"
tag,raw-tag,MOBA,moba,Other,1,0,1,1,0.0000,0.0000,0.0000,热血屠龙
tag,raw-tag,Modern,modern,Other,3,1,2,4,0.0000,0.0000,0.0000,"Teachers. With Love and Passion., Hoverise Rebellion, Ashes of the Singularity II"
tag,raw-tag,Mouse only,mouse only,Other,1,0,1,1,0.0000,0.2500,0.2500,Dark Age Dinos
tag,raw-tag,Multiplayer,multiplayer,Play Modes & Social,23,17,6,40,0.0000,-0.2500,-0.2500,"Dark Age Dinos, Hello World, KILLGUN"
tag,raw-tag,Multiple Endings,multiple endings,Other,12,10,2,22,0.2500,0.2500,0.0000,"The Assessment, 成为皇帝！我的万亿美女星球帝国, 鱼肠剑与绣春刀 "
tag,raw-tag,Music,music,Other,6,0,6,6,0.5000,0.7500,0.2500,"PomoTrain: Rabbit Town, Dogwood, Kaz"
tag,raw-tag,Music-Based Procedural Generation,music-based procedural generation,Other,0,1,-1,1,0.0000,-0.2500,-0.2500,Beat For Speed
tag,raw-tag,Mystery,mystery,Other,8,6,2,14,-0.5000,-0.2500,0.2500,"Fright Train, Qamar, Chaosfall"
tag,raw-tag,Mystery Dungeon,mystery dungeon,Other,1,1,0,2,0.2500,-0.2500,-0.5000,"PIT OF GOBLIN, Creation of a god: The Eternal Village"
tag,raw-tag,Mythology,mythology,Other,1,2,-1,3,0.0000,-0.5000,-0.5000,"Mask of Soul, Night At The Mall, Songs of Silence"
tag,raw-tag,Narration,narration,Other,7,2,5,9,0.0000,0.2500,0.2500,"Race Jam, SIONIC LOVE, Hotel Galactic"
tag,raw-tag,Narrative,narrative,Other,4,0,4,4,0.0000,0.2500,0.2500,"アニマロイドガール, Big Dig, Refrain: Verse of Fate"
tag,raw-tag,Nature,nature,Other,7,11,-4,18,-0.2500,0.5000,0.7500,"Frutiger Home, Hello World, Thug Life"
tag,raw-tag,Naval,naval,Other,1,1,0,2,0.0000,0.0000,0.0000,"FULL METAL COFFIN, 郑成功传 Clash of Armadas: Koxinga"
tag,raw-tag,Naval Combat,naval combat,Other,2,0,2,2,0.0000,0.0000,0.0000,"Penguin Pirates, Splash Adventure: The Maze of Morla"
tag,raw-tag,Noir,noir,Other,3,2,1,5,0.0000,0.0000,0.0000,"Kleopatra, Drop Not Allowed, Kaz"
tag,raw-tag,Nonlinear,nonlinear,Other,1,2,-1,3,-0.2500,0.2500,0.5000,"Drop Not Allowed, Blind Nature, Lust Manor: Leona’s Secret"
tag,raw-tag,Nostalgia,nostalgia,Other,1,0,1,1,0.0000,0.0000,0.0000,Thomas & Friends™: Wonders of Sodor
tag,raw-tag,NSFW,nsfw,Other,8,1,7,9,0.5000,0.7500,0.2500,"Nakara, 被击垮而堕落的强气人妻, Curse upon the Defeated Sow Knight!"
tag,raw-tag,Nudity,nudity,Other,6,7,-1,13,0.0000,0.2500,0.2500,"AIKO: AI Girlfriend 3D Life Sim, Pixel Worlds: MMO Sandbox, 被击垮而堕落的强气人妻"
tag,raw-tag,Old School,old school,Other,7,4,3,11,0.0000,1.0000,1.0000,"Back To The Collis, Mothership Down, Coin Pusher Casino"
tag,raw-tag,On-Rails Shooter,on-rails shooter,Other,1,1,0,2,0.0000,0.2500,0.2500,"Hyperlane Highway, Kleopatra"
tag,raw-tag,Online Co-Op,online co-op,Play Modes & Social,14,11,3,25,0.2500,-0.5000,-0.7500,"Dark Age Dinos, FULL METAL COFFIN, Hello World"
tag,raw-tag,Open World,open world,Other,7,12,-5,19,-0.2500,-1.0000,-0.7500,"Greed Hunters, Hope in the City, Piroot"
tag,raw-tag,Open World Survival Craft,open world survival craft,Other,1,1,0,2,0.0000,0.0000,0.0000,"Long Drive North: Co-Op RV Simulator, Neolithic Dawn"
tag,raw-tag,Otome,otome,Other,1,6,-5,7,-0.2500,0.2500,0.5000,"Crown of the Nile: Cleopatra's Choice, Cute Country, Gun Girl Go"
tag,raw-tag,Parkour,parkour,Other,3,3,0,6,0.0000,-0.2500,-0.2500,"Super Serious Golf, Beat For Speed, Flipping is Hard"
tag,raw-tag,Parody,parody,Other,1,0,1,1,0.0000,0.0000,0.0000,SWAPMEAT
tag,raw-tag,Party,party,Other,0,1,-1,1,-0.2500,0.0000,0.2500,Agent Versus
tag,raw-tag,Party Game,party game,Play Modes & Social,8,1,7,9,0.5000,0.2500,-0.2500,"Bullet Ouroboros, Ball Pain, Cursed Carts"
tag,raw-tag,Party-Based RPG,party-based rpg,Other,2,2,0,4,0.0000,-0.2500,-0.2500,"Valefor 2, Terrinoth®: Heroes of Descent, 废都物语重制版"
tag,raw-tag,Perma Death,perma death,Other,6,3,3,9,0.0000,0.5000,0.5000,"Blenderman, Dungeonfall, Trash of the Titans"
tag,raw-tag,Philosophical,philosophical,Other,1,1,0,2,0.0000,0.0000,0.0000,Souls of the Dead
tag,raw-tag,Physics,physics,Simulation & Sandbox,16,8,8,24,-0.5000,1.7500,2.2500,"Extreme Forklifting 3, Hyperlane Highway, Isle of Food"
tag,raw-tag,Pirates,pirates,Other,3,2,1,5,0.0000,-0.2500,-0.2500,"郑成功传 Clash of Armadas: Koxinga, Penguin Pirates, Cosmic Gold Rush"
tag,raw-tag,Pixel Graphics,pixel graphics,Visual & Format,12,10,2,22,0.0000,1.0000,1.0000,"Settle, Tidy Shadows, Dungeonfall"
tag,raw-tag,Platformer,platformer,Other,8,5,3,13,0.5000,0.2500,-0.2500,"A Webbing Journey, Mask of Soul, Goose vs Zombies"
tag,raw-tag,Point & Click,point & click,Other,4,3,1,7,0.0000,-0.5000,-0.5000,"Hope in the City, Smoking Gun, Terrafactory: Idle Planet"
tag,raw-tag,Political,political,Other,3,2,1,5,0.0000,0.2500,0.2500,"Alder Forge 2, The Three Kingdoms of Shadows: Xuzhou, The King's Magic"
tag,raw-tag,Political Sim,political sim,Other,2,3,-1,5,0.0000,0.2500,0.2500,"Second Chance at a Billion, Deductopia Demo, Microlandia"
tag,raw-tag,Politics,politics,Other,1,0,1,1,0.0000,0.2500,0.2500,Life is Strange: Reunion
tag,raw-tag,Post-apocalyptic,post-apocalyptic,Other,3,2,1,5,0.0000,0.0000,0.0000,"All Roads Connected, Sicarius, Waste Runner: Critical Waste"
tag,raw-tag,Precision Platformer,precision platformer,Other,4,5,-1,9,0.0000,0.0000,0.0000,"Reng Azure Requiem, ワンコワンコ大作戦, Don't Fall"
tag,raw-tag,Procedural Generation,procedural generation,Other,8,6,2,14,-0.5000,0.0000,0.5000,"PatchWorld, Beat For Speed, SWAPMEAT"
tag,raw-tag,Programming,programming,Other,1,2,-1,3,0.0000,0.0000,0.0000,"PatchWorld, Logic World, Phaze Shift"
tag,raw-tag,Psychedelic,psychedelic,Other,3,3,0,6,0.0000,-0.5000,-0.5000,"The Assessment, DopeNet, Super Chaos"
tag,raw-tag,Psychological,psychological,Other,4,2,2,6,0.0000,0.7500,0.7500,"Hope in the City, INDOORS, Chaosfall"
tag,raw-tag,Psychological Horror,psychological horror,Atmosphere & Horror,13,6,7,19,-0.2500,1.2500,1.5000,"Homeless, Lens Of Fear, The Secret Story Night Shift"
tag,raw-tag,Puzzle,puzzle,Other,12,9,3,21,0.2500,0.0000,-0.2500,"Back To The Collis, Defend Your Land, Kingdomino"
tag,raw-tag,Puzzle Platformer,puzzle platformer,Other,2,1,1,3,0.2500,0.0000,-0.2500,"Rebind, Sync Together, MeowSon"
tag,raw-tag,PvE,pve,Other,13,9,4,22,-0.5000,0.7500,1.2500,"Hyperlane Highway, Lens Of Fear, Super Chaos"
tag,raw-tag,PvP,pvp,Other,10,4,6,14,0.0000,1.0000,1.0000,"Adrift: In the Corners of Time, 戚继光 Qi Jiguang: Art of War, 郑成功传 Clash of Armadas: Koxinga"
tag,raw-tag,Quick-Time Events,quick-time events,Other,2,8,-6,10,0.0000,-1.0000,-1.0000,"The Beast Inside, Beat For Speed, Bubblizion"
tag,raw-tag,Racing,racing,Sports & Racing,2,6,-4,8,0.2500,-0.5000,-0.7500,"DETOUR, Hyperlane Highway, Ball Pain"
tag,raw-tag,Real Time Tactics,real time tactics,Other,2,3,-1,5,0.0000,-0.5000,-0.5000,"戚继光 Qi Jiguang: Art of War, 郑成功传 Clash of Armadas: Koxinga, Ashes of the Singularity II"
tag,raw-tag,Real-Time,real-time,Other,1,0,1,1,0.0000,0.2500,0.2500,MMM Weird Adventure
tag,raw-tag,Realistic,realistic,Other,10,9,1,19,0.2500,-0.7500,-1.0000,"Frutiger Home, Siege of Acres, Smoking Gun"
tag,raw-tag,Relaxing,relaxing,Indie & Casual,8,14,-6,22,0.0000,-0.2500,-0.2500,"Hakimi Blaster - Hakimi Survivors, 成为皇帝！我的万亿美女星球帝国, Raccoon Valley Tycoon"
tag,raw-tag,Remake,remake,Other,1,0,1,1,0.0000,0.2500,0.2500,DARK SOULS II: Scholar of the First Sin
tag,raw-tag,Replay Value,replay value,Other,7,1,6,8,0.2500,1.0000,0.7500,"DopeNet, Valefor 2, Chaosfall"
tag,raw-tag,Resource Management,resource management,Other,11,6,5,17,0.2500,0.0000,-0.2500,"FULL METAL COFFIN, Dicebinder, DopeNet"
tag,raw-tag,Retro,retro,Visual & Format,24,12,12,36,0.7500,0.2500,-0.5000,"Darwin's Paradox!, Fright Train, Project: Haste"
tag,raw-tag,Rhythm,rhythm,Other,3,0,3,3,0.0000,0.0000,0.0000,"Kaz, Threadline, TSAREVNA. Age of Tales"
tag,raw-tag,Robots,robots,Other,2,4,-2,6,0.5000,-0.2500,-0.7500,"Rogue Mech, Bamboozle, Biocybernetic Trap"
tag,raw-tag,Roguelike,roguelike,Other,10,11,-1,21,-1.0000,0.5000,1.5000,"Apple Man Sam, Chernobots, Demon Hunters"
tag,raw-tag,Roguelike Deckbuilder,roguelike deckbuilder,Other,4,1,3,5,0.0000,0.7500,0.7500,"Dicebinder, Valefor 2, Monster Tavern"
tag,raw-tag,Roguelite,roguelite,RPG & Fantasy,14,7,7,21,0.2500,1.0000,0.7500,"Fright Train, Siege of Acres, Dicebinder"
tag,raw-tag,Roguevania,roguevania,Other,1,1,0,2,0.0000,0.0000,0.0000,"Son-Hit Origins, 沙城争霸"
tag,raw-tag,Romance,romance,Other,7,3,4,10,0.2500,0.2500,0.0000,"The Secret Story Night Shift, Crown of the Nile: Cleopatra's Choice, Moonlight Apothecary"
tag,raw-tag,RPG,rpg,RPG & Fantasy,23,17,6,40,0.2500,1.7500,1.5000,"Abyss Diver, Arkus, Atre: Dominance Wars"
tag,raw-tag,RPGMaker,rpgmaker,Other,2,0,2,2,0.0000,0.0000,0.0000,"SIONIC LOVE, The Inverted Tower"
tag,raw-tag,RTS,rts,Other,1,1,0,2,0.0000,0.2500,0.2500,"Atre: Dominance Wars, Tears of Adria"
tag,raw-tag,Runner,runner,Other,2,2,0,4,0.0000,0.0000,0.0000,"Code Velocity, Hyperlane Highway, Getting Stronger"
tag,raw-tag,Sailing,sailing,Other,0,1,-1,1,0.0000,-0.2500,-0.2500,郑成功传 Clash of Armadas: Koxinga
tag,raw-tag,Sandbox,sandbox,Simulation & Sandbox,12,10,2,22,-0.5000,1.0000,1.5000,"Atre: Dominance Wars, The Secret Story Night Shift, Thug Life"
tag,raw-tag,Satire,satire,Other,2,2,0,4,0.0000,0.5000,0.5000,"Land Of Opportunities, Monetaria, Mewseum: Film Festival"
tag,raw-tag,Sci-fi,sci-fi,Other,13,11,2,24,-0.7500,0.7500,1.5000,"Hello World, Hyperlane Highway, 成为皇帝！我的万亿美女星球帝国"
tag,raw-tag,Science,science,Other,2,4,-2,6,0.0000,-0.7500,-0.7500,"FULL METAL COFFIN, Neolithic Dawn, Drop Not Allowed"
tag,raw-tag,Score Attack,score attack,Other,6,6,0,12,0.0000,0.0000,0.0000,"DopeNet, Coin Pusher Casino, Crepuscule Alley"
tag,raw-tag,Sexual Content,sexual content,Other,12,11,1,23,-0.2500,0.5000,0.7500,"AIKO: AI Girlfriend 3D Life Sim, 被击垮而堕落的强气人妻, RogueDiceR"
tag,raw-tag,Shoot 'Em Up,shoot 'em up,Other,4,4,0,8,0.0000,-0.2500,-0.2500,"Hyperlane Highway, Piroot, Super Chaos"
tag,raw-tag,Shooter,shooter,Other,7,8,-1,15,-0.2500,-0.2500,0.0000,"Fright Train, Hyperlane Highway, Lens Of Fear"
tag,raw-tag,Shop Keeper,shop keeper,Other,4,1,3,5,0.2500,0.2500,0.0000,"Plucked Up, Growth, Clerks and Quirks"
tag,raw-tag,Short,short,Other,7,2,5,9,0.0000,0.0000,0.0000,"ワンコワンコ大作戦, Night Shift, The Legend of Chalkvania"
tag,raw-tag,Side Scroller,side scroller,Other,4,4,0,8,0.2500,0.5000,0.2500,"Mask of Soul, Drag Racing 3D: Streets 2, Celestial Lumina"
tag,raw-tag,Simulation,simulation,Simulation & Sandbox,21,23,-2,44,0.5000,-1.0000,-1.5000,"Atre: Dominance Wars, PatchWorld, The Secret Story Night Shift"
tag,raw-tag,Singleplayer,singleplayer,Play Modes & Social,51,47,4,98,0.5000,1.2500,0.7500,"Dark Age Dinos, Hello World, Hyperlane Highway"
tag,raw-tag,Social Deduction,social deduction,Other,1,2,-1,3,0.0000,0.2500,0.2500,"WISE GUYS, CONDEMNED: Nightfall, Assassins Arena"
tag,raw-tag,Software,software,Other,2,1,1,3,0.0000,0.5000,0.5000,"PatchWorld, Aimlabs, Drop Not Allowed"
tag,raw-tag,Software Training,software training,Other,1,1,0,2,0.0000,-0.2500,-0.2500,Aimlabs
tag,raw-tag,Sokoban,sokoban,Other,1,1,0,2,0.0000,0.0000,0.0000,"Pathways & Poltergeists, MergePiece: Merge pixels into masterpieces"
tag,raw-tag,Solitaire,solitaire,Other,1,1,0,2,0.0000,-0.2500,-0.2500,"纵横麻将 Matrix Mahjong, Dotu"
tag,raw-tag,Souls-like,souls-like,Other,7,9,-2,16,-0.2500,-0.5000,-0.2500,"Mask of Soul, Siege of Acres, 热血屠龙"
tag,raw-tag,Soundtrack,soundtrack,Other,3,3,0,6,0.2500,0.2500,0.0000,"成为皇帝！我的万亿美女星球帝国, PomoTrain: Rabbit Town, Getting Stronger"
tag,raw-tag,Space,space,Other,2,9,-7,11,-0.5000,-0.2500,0.2500,"成为皇帝！我的万亿美女星球帝国, Deep Rock Galactic: Rogue Core, Desserted"
tag,raw-tag,Space Sim,space sim,Other,1,0,1,1,0.0000,0.2500,0.2500,成为皇帝！我的万亿美女星球帝国
tag,raw-tag,Spectacle fighter,spectacle fighter,Other,1,0,1,1,0.0000,0.0000,0.0000,MechaCap Arena
tag,raw-tag,Split Screen,split screen,Other,0,2,-2,2,0.0000,-0.2500,-0.2500,"Granblue Fantasy, Need for Speed Unbound"
tag,raw-tag,Sports,sports,Sports & Racing,2,3,-1,5,0.0000,0.2500,0.2500,"Gladiatory, CarX Drift Racing Online, BIG BALLS"
tag,raw-tag,Stealth,stealth,Other,5,4,1,9,0.2500,0.2500,0.0000,"Darwin's Paradox!, Loot Goblin, Madnessarum"
tag,raw-tag,Steampunk,steampunk,Other,1,0,1,1,0.2500,0.0000,-0.2500,Lust Manor: Leona’s Secret
tag,raw-tag,Story Rich,story rich,Adventure & Story,24,11,13,35,0.2500,1.7500,1.5000,"Caribbean Tide, Cry of Fear, The Secret Story Night Shift"
tag,raw-tag,Strategy,strategy,Strategy & Management,22,21,1,43,0.2500,-0.7500,-1.0000,"Alder Forge 2, Siege of Acres, The Secret Story Night Shift"
tag,raw-tag,Strategy RPG,strategy rpg,Other,2,2,0,4,0.0000,0.2500,0.2500,"Siege of Acres, Island of Hearts, SoulTrigger"
tag,raw-tag,Stylized,stylized,Visual & Format,20,12,8,32,1.0000,1.2500,0.2500,"Fright Train, Frutiger Home, Hope in the City"
tag,raw-tag,Superhero,superhero,Other,0,1,-1,1,0.0000,-0.2500,-0.2500,Hyperlane Highway
tag,raw-tag,Supernatural,supernatural,Other,6,3,3,9,0.2500,0.5000,0.2500,"Fright Train, Night At The Mall, SANITY"
tag,raw-tag,Surreal,surreal,Other,9,5,4,14,0.0000,0.2500,0.2500,"Evil Egg, Super Chaos, SWAPMEAT"
tag,raw-tag,Survival,survival,Other,10,8,2,18,-0.2500,0.0000,0.2500,"Fright Train, Hakimi Blaster - Hakimi Survivors, Blenderman"
tag,raw-tag,Survival Horror,survival horror,Other,5,6,-1,11,0.0000,0.2500,0.2500,"The Assessment, The Secret Story Night Shift, Souls of the Dead"
tag,raw-tag,Swordplay,swordplay,Other,1,0,1,1,0.0000,0.2500,0.2500,Dungeonfall
tag,raw-tag,Tabletop,tabletop,Other,1,4,-3,5,0.0000,-0.7500,-0.7500,"Puzzle Car, Snooker Billiard, Coin Pusher Casino"
tag,raw-tag,Tactical,tactical,Other,10,11,-1,21,0.5000,-0.2500,-0.7500,"Hello World, Joker Madness 🃏, Mothership Down"
tag,raw-tag,Tactical RPG,tactical rpg,Other,3,2,1,5,0.0000,0.2500,0.2500,"Dark Age Dinos, Siege of Acres, Gladiatory"
tag,raw-tag,Tanks,tanks,Other,3,0,3,3,0.0000,0.0000,0.0000,"Hoverise Rebellion, Celestial Fragments, Splash Adventure: The Maze of Morla"
tag,raw-tag,Team-Based,team-based,Other,1,4,-3,5,0.0000,-0.2500,-0.2500,"Hello World, Stick N' Sheep, Fine Dying"
tag,raw-tag,Text-Based,text-based,Other,4,6,-2,10,-0.5000,0.0000,0.5000,"MMM Weird Adventure, Perfect Castle, Under Protocol"
tag,raw-tag,Third Person,third person,Action & Combat,12,3,9,15,0.2500,1.0000,0.7500,"Alder Forge 2, Fright Train, Race Jam"
tag,raw-tag,Third-Person Shooter,third-person shooter,Other,2,1,1,3,0.0000,0.2500,0.2500,"戚继光 Qi Jiguang: Art of War, Sync Together, KeepUp Survival"
tag,raw-tag,Thriller,thriller,Other,4,4,0,8,0.0000,0.2500,0.2500,"Mermaids are Seafood, A House Inside Me, Flick"
tag,raw-tag,Time Management,time management,Other,4,2,2,6,0.2500,0.2500,0.0000,"IT Solutions, PomoTrain: Rabbit Town, Machine Child"
tag,raw-tag,Time Manipulation,time manipulation,Other,1,2,-1,3,0.0000,0.0000,0.0000,"Hyperlane Highway, Law of Demons, Kleopatra"
tag,raw-tag,Top-Down,top-down,Action & Combat,18,4,14,22,0.5000,1.7500,1.2500,"Greed Hunters, Smoking Gun, Demon Hunters"
tag,raw-tag,Top-Down Shooter,top-down shooter,Other,3,4,-1,7,0.0000,-0.7500,-0.7500,"Strik9: Rhythm Rat Rampage, ChessBoyChess, Super Chaos"
tag,raw-tag,Tower Defense,tower defense,Other,4,2,2,6,0.0000,0.5000,0.5000,"Siege of Acres, Crown of Greed, X Space"
tag,raw-tag,Trading,trading,Other,2,4,-2,6,0.0000,0.0000,0.0000,"Aquanima, Glenwich Idle MMO, Highrise: Avatar & Social World"
tag,raw-tag,Trading Card Game,trading card game,Other,0,1,-1,1,-0.2500,0.0000,0.2500,BULK
tag,raw-tag,Traditional Roguelike,traditional roguelike,Other,1,1,0,2,0.0000,0.2500,0.2500,"Gladiatory, The Clownhouse"
tag,raw-tag,Trains,trains,Other,0,1,-1,1,0.0000,0.0000,0.0000,shapez 2
tag,raw-tag,Transhumanism,transhumanism,Other,1,2,-1,3,0.0000,-0.2500,-0.2500,"SWAPMEAT, Ashes of the Singularity II"
tag,raw-tag,Transportation,transportation,Other,1,2,-1,3,0.0000,0.0000,0.0000,"Extreme Forklifting 3, Hyperlane Highway, Rail Estate"
tag,raw-tag,Turn-Based,turn-based,Other,3,2,1,5,0.0000,0.2500,0.2500,"Virtualord, The Virtual Conqueror, KPOP SCOUT, The Curse of Feldar Vale"
tag,raw-tag,Turn-Based Combat,turn-based combat,Other,5,2,3,7,0.2500,0.7500,0.5000,"Dark Age Dinos, Hello World, Cardtonia"
tag,raw-tag,Turn-Based Strategy,turn-based strategy,Other,8,6,2,14,0.5000,0.7500,0.2500,"Hello World, Second Chance at a Billion, Bullet Ouroboros"
tag,raw-tag,Turn-Based Tactics,turn-based tactics,Other,8,9,-1,17,0.0000,-0.7500,-0.7500,"Hello World, Joker Madness 🃏, 星火燎原"
tag,raw-tag,Tutorial,tutorial,Other,0,3,-3,3,0.0000,0.0000,0.0000,"Harvest Skies: Crop Dusting Simulator, Bronzebeard's Tavern 2, Regret To Inform"
tag,raw-tag,Twin Stick Shooter,twin stick shooter,Other,4,0,4,4,0.0000,0.0000,0.0000,"WoofWatch, Rockhounds, DUMPLing"
tag,raw-tag,Typing,typing,Other,0,1,-1,1,0.0000,0.0000,0.0000,Drop Not Allowed
tag,raw-tag,Underground,underground,Other,0,1,-1,1,0.0000,-0.2500,-0.2500,Field School
tag,raw-tag,Underwater,underwater,Other,2,1,1,3,0.0000,-0.2500,-0.2500,"Super Chaos, Splash Adventure: The Maze of Morla"
tag,raw-tag,Unforgiving,unforgiving,Other,1,0,1,1,0.0000,0.0000,0.0000,Ball Pain
tag,raw-tag,Vehicular Combat,vehicular combat,Other,3,4,-1,7,0.0000,0.0000,0.0000,"Extreme Forklifting 3, FULL METAL COFFIN, Hyperlane Highway"
tag,raw-tag,Villain Protagonist,villain protagonist,Other,2,0,2,2,0.0000,0.0000,0.0000,"Mr. Sleepy Man, The Dark Queen of Mortholme"
tag,raw-tag,Violent,violent,Other,5,8,-3,13,0.0000,-0.5000,-0.5000,"Birthday Boy, DEATH STRANDING 2: ON THE BEACH, Law of Demons"
tag,raw-tag,Visual Novel,visual novel,Other,5,2,3,7,0.2500,-0.2500,-0.5000,"MYMEMORY, 成为皇帝！我的万亿美女星球帝国, Mistbound"
tag,raw-tag,Voxel,voxel,Other,1,1,0,2,0.0000,0.2500,0.2500,"Long Drive North: Co-Op RV Simulator, Microlandia"
tag,raw-tag,VR,vr,Other,2,3,-1,5,-0.5000,0.2500,0.7500,"Hyperlane Highway, IT Solutions, [ABERRATION] THE ANALYST"
tag,raw-tag,Walking Simulator,walking simulator,Other,4,6,-2,10,0.0000,-0.2500,-0.2500,"The Secret Story 1996, Trauma playground, We need a doorman."
tag,raw-tag,War,war,Other,5,3,2,8,0.2500,0.0000,-0.2500,"ALTERA, 戚继光 Qi Jiguang: Art of War, Virtualord, The Virtual Conqueror"
tag,raw-tag,Wargame,wargame,Other,2,3,-1,5,0.0000,-0.2500,-0.2500,"戚继光 Qi Jiguang: Art of War, Crown of Greed, 热血屠龙"
tag,raw-tag,Wholesome,wholesome,Other,4,2,2,6,0.0000,0.2500,0.2500,"Kingdomino, Professional Cats, My Heaven's Dale"
tag,raw-tag,Word Game,word game,Other,0,1,-1,1,0.0000,0.0000,0.0000,Under Protocol
tag,raw-tag,World War II,world war ii,Other,0,1,-1,1,-0.2500,0.0000,0.2500,A Foreign World 🔞
tag,raw-tag,Zombies,zombies,Other,6,4,2,10,-0.2500,0.2500,0.5000,"Lens Of Fear, Demon Hunters, Souls of the Dead"
